A,B,C,leg1,leg2,leg3
BDX,USDT,BTC,BDXUSDT,BTCUSDT_INV,BDXBTC_INV
BDX,BTC,USDT,BDXBTC,BTCUSDT,BDXUSDT_INV
ZORA,USDT,USDC,ZORAUSDT,USDCUSDT_INV,ZORAUSDC_INV
ZORA,USDC,USDT,ZORAUSDC,USDCUSDT,ZORAUSDT_INV
VELODROME,USDT,USDC,VELODROMEUSDT,USDCUSDT_INV,VELODROMEUSDC_INV
VELODROME,USDC,USDT,VELODROMEUSDC,USDCUSDT,VELODROMEUSDT_INV
IO,USDT,USDC,IOUSDT,USDCUSDT_INV,IOUSDC_INV
IO,USDC,USDT,IOUSDC,USDCUSDT,IOUSDT_INV
NAKA,USDT,USDC,NAKAUSDT,USDCUSDT_INV,NAKAUSDC_INV
NAKA,USDC,USDT,NAKAUSDC,USDCUSDT,NAKAUSDT_INV
BMT,USDC,USDT,BMTUSDC,USDCUSDT,BMTUSDT_INV
BMT,USDT,USDC,BMTUSDT,USDCUSDT_INV,BMTUSDC_INV
ANIME,USDT,USDC,ANIMEUSDT,USDCUSDT_INV,ANIMEUSDC_INV
ANIME,USDC,USDT,ANIMEUSDC,USDCUSDT,ANIMEUSDT_INV
OMI,USDC,USDT,OMIUSDC,USDCUSDT,OMIUSDT_INV
OMI,USDT,USDC,OMIUSDT,USDCUSDT_INV,OMIUSDC_INV
WET,USDC,USDT,WETUSDC,USDCUSDT,WETUSDT_INV
WET,USDT,USDC,WETUSDT,USDCUSDT_INV,WETUSDC_INV
SKL,USDT,USDC,SKLUSDT,USDCUSDT_INV,SKLUSDC_INV
SKL,USDC,USDT,SKLUSDC,USDCUSDT,SKLUSDT_INV
COMP,USDT,USDC,COMPUSDT,USDCUSDT_INV,COMPUSDC_INV
COMP,USDC,USDT,COMPUSDC,USDCUSDT,COMPUSDT_INV
SOL,USDE,USDT,SOLUSDE,USDEUSDT,SOLUSDT_INV
SOL,USD1,USDT,SOLUSD1,USD1USDT,SOLUSDT_INV
SOL,BTC,USDT,SOLBTC,BTCUSDT,SOLUSDT_INV
SOL,EUR,USDT,SOLEUR,EURUSDT,SOLUSDT_INV
SOL,USDT,BTC,SOLUSDT,BTCUSDT_INV,SOLBTC_INV
SOL,USDT,BRL,SOLUSDT,BRLUSDT_INV,SOLBRL_INV
SOL,USDT,USDE,SOLUSDT,USDEUSDT_INV,SOLUSDE_INV
SOL,USDT,EUR,SOLUSDT,EURUSDT_INV,SOLEUR_INV
SOL,USDT,USD1,SOLUSDT,USD1USDT_INV,SOLUSD1_INV
SOL,BRL,USDT,SOLBRL,BRLUSDT,SOLUSDT_INV
UMA,USDC,USDT,UMAUSDC,USDCUSDT,UMAUSDT_INV
UMA,USDT,USDC,UMAUSDT,USDCUSDT_INV,UMAUSDC_INV
TNSR,USDC,USDT,TNSRUSDC,USDCUSDT,TNSRUSDT_INV
TNSR,USDT,USDC,TNSRUSDT,USDCUSDT_INV,TNSRUSDC_INV
GMX,USDC,USDT,GMXUSDC,USDCUSDT,GMXUSDT_INV
GMX,USDT,USDC,GMXUSDT,USDCUSDT_INV,GMXUSDC_INV
YB,USDC,USDT,YBUSDC,USDCUSDT,YBUSDT_INV
YB,USDT,USDC,YBUSDT,USDCUSDT_INV,YBUSDC_INV
DEXE,USDT,BTC,DEXEUSDT,BTCUSDT_INV,DEXEBTC_INV
DEXE,BTC,USDT,DEXEBTC,BTCUSDT,DEXEUSDT_INV
SNX,ETH,USDT,SNXETH,ETHUSDT,SNXUSDT_INV
SNX,USDC,USDT,SNXUSDC,USDCUSDT,SNXUSDT_INV
SNX,USDT,ETH,SNXUSDT,ETHUSDT_INV,SNXETH_INV
SNX,USDT,USDC,SNXUSDT,USDCUSDT_INV,SNXUSDC_INV
MASK,USDC,USDT,MASKUSDC,USDCUSDT,MASKUSDT_INV
MASK,USDT,USDC,MASKUSDT,USDCUSDT_INV,MASKUSDC_INV
BANANA,USDC,USDT,BANANAUSDC,USDCUSDT,BANANAUSDT_INV
BANANA,USDT,USDC,BANANAUSDT,USDCUSDT_INV,BANANAUSDC_INV
VANRY,USDC,USDT,VANRYUSDC,USDCUSDT,VANRYUSDT_INV
VANRY,USDT,USDC,VANRYUSDT,USDCUSDT_INV,VANRYUSDC_INV
RSR,USDT,ETH,RSRUSDT,ETHUSDT_INV,RSRETH_INV
RSR,USDT,USDC,RSRUSDT,USDCUSDT_INV,RSRUSDC_INV
RSR,ETH,USDT,RSRETH,ETHUSDT,RSRUSDT_INV
RSR,USDC,USDT,RSRUSDC,USDCUSDT,RSRUSDT_INV
USDF,ETH,USDT,ETHUSDF_INV,ETHUSDT,USDFUSDT_INV
USDF,USDT,USDC,USDFUSDT,USDCUSDT_INV,USDCUSDF
USDF,USDT,ETH,USDFUSDT,ETHUSDT_INV,ETHUSDF
USDF,USDT,BTC,USDFUSDT,BTCUSDT_INV,BTCUSDF
USDF,USDT,FF,USDFUSDT,FFUSDT_INV,FFUSDF
USDF,BTC,USDT,BTCUSDF_INV,BTCUSDT,USDFUSDT_INV
USDF,FF,USDT,FFUSDF_INV,FFUSDT,USDFUSDT_INV
USDF,USDC,USDT,USDCUSDF_INV,USDCUSDT,USDFUSDT_INV
JUP,USDT,USDC,JUPUSDT,USDCUSDT_INV,JUPUSDC_INV
JUP,USDC,USDT,JUPUSDC,USDCUSDT,JUPUSDT_INV
SOMI,USDC,USDT,SOMIUSDC,USDCUSDT,SOMIUSDT_INV
SOMI,USDT,USDC,SOMIUSDT,USDCUSDT_INV,SOMIUSDC_INV
PIXEL,USDT,USDC,PIXELUSDT,USDCUSDT_INV,PIXELUSDC_INV
PIXEL,USDC,USDT,PIXELUSDC,USDCUSDT,PIXELUSDT_INV
ALCH,USDT,USDC,ALCHUSDT,USDCUSDT_INV,ALCHUSDC_INV
ALCH,USDC,USDT,ALCHUSDC,USDCUSDT,ALCHUSDT_INV
AVNT,USDC,USDT,AVNTUSDC,USDCUSDT,AVNTUSDT_INV
AVNT,USDT,USDC,AVNTUSDT,USDCUSDT_INV,AVNTUSDC_INV
XLM,BTC,USDT,XLMBTC,BTCUSDT,XLMUSDT_INV
XLM,USDT,BTC,XLMUSDT,BTCUSDT_INV,XLMBTC_INV
XLM,USDT,USDC,XLMUSDT,USDCUSDT_INV,XLMUSDC_INV
XLM,USDC,USDT,XLMUSDC,USDCUSDT,XLMUSDT_INV
DOT,BTC,USDT,DOTBTC,BTCUSDT,DOTUSDT_INV
DOT,USDT,BTC,DOTUSDT,BTCUSDT_INV,DOTBTC_INV
DOT,USDT,USDC,DOTUSDT,USDCUSDT_INV,DOTUSDC_INV
DOT,USDC,USDT,DOTUSDC,USDCUSDT,DOTUSDT_INV
GALA,USDC,USDT,GALAUSDC,USDCUSDT,GALAUSDT_INV
GALA,USDT,USDC,GALAUSDT,USDCUSDT_INV,GALAUSDC_INV
YGG,USDT,USDC,YGGUSDT,USDCUSDT_INV,YGGUSDC_INV
YGG,USDC,USDT,YGGUSDC,USDCUSDT,YGGUSDT_INV
GUN,USDC,USDT,GUNUSDC,USDCUSDT,GUNUSDT_INV
GUN,USDT,USDC,GUNUSDT,USDCUSDT_INV,GUNUSDC_INV
NPC,USDC,USDT,NPCUSDC,USDCUSDT,NPCUSDT_INV
NPC,USDT,USDC,NPCUSDT,USDCUSDT_INV,NPCUSDC_INV
LPT,USDT,USDC,LPTUSDT,USDCUSDT_INV,LPTUSDC_INV
LPT,USDC,USDT,LPTUSDC,USDCUSDT,LPTUSDT_INV
PEOPLE,USDC,USDT,PEOPLEUSDC,USDCUSDT,PEOPLEUSDT_INV
PEOPLE,USDT,USDC,PEOPLEUSDT,USDCUSDT_INV,PEOPLEUSDC_INV
XMR,USDT,USDC,XMRUSDT,USDCUSDT_INV,XMRUSDC_INV
XMR,USDC,USDT,XMRUSDC,USDCUSDT,XMRUSDT_INV
PEAQ,USDT,USDC,PEAQUSDT,USDCUSDT_INV,PEAQUSDC_INV
PEAQ,USDC,USDT,PEAQUSDC,USDCUSDT,PEAQUSDT_INV
ZEN,USDT,USDC,ZENUSDT,USDCUSDT_INV,ZENUSDC_INV
ZEN,USDC,USDT,ZENUSDC,USDCUSDT,ZENUSDT_INV
MIRA,USDC,USDT,MIRAUSDC,USDCUSDT,MIRAUSDT_INV
MIRA,USDT,USDC,MIRAUSDT,USDCUSDT_INV,MIRAUSDC_INV
HOLO,USDC,USDT,HOLOUSDC,USDCUSDT,HOLOUSDT_INV
HOLO,USDT,USDC,HOLOUSDT,USDCUSDT_INV,HOLOUSDC_INV
CETUS,USDT,USDC,CETUSUSDT,USDCUSDT_INV,CETUSUSDC_INV
CETUS,USDC,USDT,CETUSUSDC,USDCUSDT,CETUSUSDT_INV
HYPER,USDT,USDC,HYPERUSDT,USDCUSDT_INV,HYPERUSDC_INV
HYPER,USDC,USDT,HYPERUSDC,USDCUSDT,HYPERUSDT_INV
ORDI,USDC,USDT,ORDIUSDC,USDCUSDT,ORDIUSDT_INV
ORDI,USDT,USDC,ORDIUSDT,USDCUSDT_INV,ORDIUSDC_INV
NXPC,USDT,USDC,NXPCUSDT,USDCUSDT_INV,NXPCUSDC_INV
NXPC,USDC,USDT,NXPCUSDC,USDCUSDT,NXPCUSDT_INV
TWT,USDT,USDC,TWTUSDT,USDCUSDT_INV,TWTUSDC_INV
TWT,USDC,USDT,TWTUSDC,USDCUSDT,TWTUSDT_INV
CHZ,USDT,USDC,CHZUSDT,USDCUSDT_INV,CHZUSDC_INV
CHZ,USDC,USDT,CHZUSDC,USDCUSDT,CHZUSDT_INV
MET,USDC,USDT,METUSDC,USDCUSDT,METUSDT_INV
MET,USDT,USDC,METUSDT,USDCUSDT_INV,METUSDC_INV
EPIC,USDC,USDT,EPICUSDC,USDCUSDT,EPICUSDT_INV
EPIC,USDT,USDC,EPICUSDT,USDCUSDT_INV,EPICUSDC_INV
ALLO,USDC,USDT,ALLOUSDC,USDCUSDT,ALLOUSDT_INV
ALLO,USDT,USDC,ALLOUSDT,USDCUSDT_INV,ALLOUSDC_INV
AIOT,USDC,USDT,AIOTUSDC,USDCUSDT,AIOTUSDT_INV
AIOT,USDT,USDC,AIOTUSDT,USDCUSDT_INV,AIOTUSDC_INV
LA,USDT,USD1,LAUSDT,USD1USDT_INV,LAUSD1_INV
LA,USDT,USDC,LAUSDT,USDCUSDT_INV,LAUSDC_INV
LA,USDC,USDT,LAUSDC,USDCUSDT,LAUSDT_INV
LA,USD1,USDT,LAUSD1,USD1USDT,LAUSDT_INV
MEME,USDC,USDT,MEMEUSDC,USDCUSDT,MEMEUSDT_INV
MEME,USDT,USDC,MEMEUSDT,USDCUSDT_INV,MEMEUSDC_INV
MMT,USDC,USDT,MMTUSDC,USDCUSDT,MMTUSDT_INV
MMT,USDT,USDC,MMTUSDT,USDCUSDT_INV,MMTUSDC_INV
BB,USDC,USDT,BBUSDC,USDCUSDT,BBUSDT_INV
BB,USDT,USDC,BBUSDT,USDCUSDT_INV,BBUSDC_INV
BERA,USDT,USDC,BERAUSDT,USDCUSDT_INV,BERAUSDC_INV
BERA,USDC,USDT,BERAUSDC,USDCUSDT,BERAUSDT_INV
TURBO,USDC,USDT,TURBOUSDC,USDCUSDT,TURBOUSDT_INV
TURBO,USDT,USDC,TURBOUSDT,USDCUSDT_INV,TURBOUSDC_INV
BROCCOLIF3B,USDT,USDC,BROCCOLIF3BUSDT,USDCUSDT_INV,BROCCOLIF3BUSDC_INV
BROCCOLIF3B,USDC,USDT,BROCCOLIF3BUSDC,USDCUSDT,BROCCOLIF3BUSDT_INV
OXT,ETH,USDT,OXTETH,ETHUSDT,OXTUSDT_INV
OXT,USDT,ETH,OXTUSDT,ETHUSDT_INV,OXTETH_INV
MNT,USDC,USDT,MNTUSDC,USDCUSDT,MNTUSDT_INV
MNT,USDT,USDC,MNTUSDT,USDCUSDT_INV,MNTUSDC_INV
WIF,USDC,USDT,WIFUSDC,USDCUSDT,WIFUSDT_INV
WIF,EUR,USDT,WIFEUR,EURUSDT,WIFUSDT_INV
WIF,USDT,USDC,WIFUSDT,USDCUSDT_INV,WIFUSDC_INV
WIF,USDT,EUR,WIFUSDT,EURUSDT_INV,WIFEUR_INV
1INCH,USDT,USDC,1INCHUSDT,USDCUSDT_INV,1INCHUSDC_INV
1INCH,USDC,USDT,1INCHUSDC,USDCUSDT,1INCHUSDT_INV
KMNO,USDT,USDC,KMNOUSDT,USDCUSDT_INV,KMNOUSDC_INV
KMNO,USDC,USDT,KMNOUSDC,USDCUSDT,KMNOUSDT_INV
AGT,USDC,USDT,AGTUSDC,USDCUSDT,AGTUSDT_INV
AGT,USDT,USDC,AGTUSDT,USDCUSDT_INV,AGTUSDC_INV
FHE,USDT,USDC,FHEUSDT,USDCUSDT_INV,FHEUSDC_INV
FHE,USDC,USDT,FHEUSDC,USDCUSDT,FHEUSDT_INV
API3,USDC,USDT,API3USDC,USDCUSDT,API3USDT_INV
API3,USDT,USDC,API3USDT,USDCUSDT_INV,API3USDC_INV
SPK,USDC,USDT,SPKUSDC,USDCUSDT,SPKUSDT_INV
SPK,USDT,USDC,SPKUSDT,USDCUSDT_INV,SPKUSDC_INV
CKB,USDC,USDT,CKBUSDC,USDCUSDT,CKBUSDT_INV
CKB,USDT,USDC,CKBUSDT,USDCUSDT_INV,CKBUSDC_INV
XVG,USDC,USDT,XVGUSDC,USDCUSDT,XVGUSDT_INV
XVG,USDT,USDC,XVGUSDT,USDCUSDT_INV,XVGUSDC_INV
BLUR,USDC,USDT,BLURUSDC,USDCUSDT,BLURUSDT_INV
BLUR,USDT,USDC,BLURUSDT,USDCUSDT_INV,BLURUSDC_INV
VET,USDC,USDT,VETUSDC,USDCUSDT,VETUSDT_INV
VET,USDT,USDC,VETUSDT,USDCUSDT_INV,VETUSDC_INV
THE,USDC,USDT,THEUSDC,USDCUSDT,THEUSDT_INV
THE,USDT,USDC,THEUSDT,USDCUSDT_INV,THEUSDC_INV
IDEX,USDT,USDC,IDEXUSDT,USDCUSDT_INV,IDEXUSDC_INV
IDEX,USDC,USDT,IDEXUSDC,USDCUSDT,IDEXUSDT_INV
LIT,USDC,USDT,LITUSDC,USDCUSDT,LITUSDT_INV
LIT,USDT,USDC,LITUSDT,USDCUSDT_INV,LITUSDC_INV
FLUX,USDT,USDC,FLUXUSDT,USDCUSDT_INV,FLUXUSDC_INV
FLUX,USDC,USDT,FLUXUSDC,USDCUSDT,FLUXUSDT_INV
WCT,USDT,USDC,WCTUSDT,USDCUSDT_INV,WCTUSDC_INV
WCT,USDC,USDT,WCTUSDC,USDCUSDT,WCTUSDT_INV
LINEA,USDC,USDT,LINEAUSDC,USDCUSDT,LINEAUSDT_INV
LINEA,USDT,USDC,LINEAUSDT,USDCUSDT_INV,LINEAUSDC_INV
TAG,USD1,USDT,TAGUSD1,USD1USDT,TAGUSDT_INV
TAG,USDT,USD1,TAGUSDT,USD1USDT_INV,TAGUSD1_INV
MYX,USDT,USDC,MYXUSDT,USDCUSDT_INV,MYXUSDC_INV
MYX,USDC,USDT,MYXUSDC,USDCUSDT,MYXUSDT_INV
ZBCN,USDC,USDT,ZBCNUSDC,USDCUSDT,ZBCNUSDT_INV
ZBCN,USDT,USDC,ZBCNUSDT,USDCUSDT_INV,ZBCNUSDC_INV
HOME,USDT,USDC,HOMEUSDT,USDCUSDT_INV,HOMEUSDC_INV
HOME,USDC,USDT,HOMEUSDC,USDCUSDT,HOMEUSDT_INV
A,USDC,USDT,AUSDC,USDCUSDT,AUSDT_INV
A,BTC,USDT,ABTC,BTCUSDT,AUSDT_INV
A,USDT,BTC,AUSDT,BTCUSDT_INV,ABTC_INV
A,USDT,USDC,AUSDT,USDCUSDT_INV,AUSDC_INV
ICP,USDC,USDT,ICPUSDC,USDCUSDT,ICPUSDT_INV
ICP,USDT,USDC,ICPUSDT,USDCUSDT_INV,ICPUSDC_INV
ARKM,USDC,USDT,ARKMUSDC,USDCUSDT,ARKMUSDT_INV
ARKM,USDT,USDC,ARKMUSDT,USDCUSDT_INV,ARKMUSDC_INV
BONK,USDT,USDC,BONKUSDT,USDCUSDT_INV,BONKUSDC_INV
BONK,USDC,USDT,BONKUSDC,USDCUSDT,BONKUSDT_INV
USELESS,USDC,USDT,USELESSUSDC,USDCUSDT,USELESSUSDT_INV
USELESS,USDT,USDC,USELESSUSDT,USDCUSDT_INV,USELESSUSDC_INV
PLUME,USDC,USDT,PLUMEUSDC,USDCUSDT,PLUMEUSDT_INV
PLUME,USDT,USDC,PLUMEUSDT,USDCUSDT_INV,PLUMEUSDC_INV
BLESS,USDT,USDC,BLESSUSDT,USDCUSDT_INV,BLESSUSDC_INV
BLESS,USDC,USDT,BLESSUSDC,USDCUSDT,BLESSUSDT_INV
MX,EUR,USDT,MXEUR,EURUSDT,MXUSDT_INV
MX,BRL,USDT,MXBRL,BRLUSDT,MXUSDT_INV
MX,ETH,USDT,MXETH,ETHUSDT,MXUSDT_INV
MX,USDT,EUR,MXUSDT,EURUSDT_INV,MXEUR_INV
MX,USDT,ETH,MXUSDT,ETHUSDT_INV,MXETH_INV
MX,USDT,BTC,MXUSDT,BTCUSDT_INV,MXBTC_INV
MX,USDT,BRL,MXUSDT,BRLUSDT_INV,MXBRL_INV
MX,BTC,USDT,MXBTC,BTCUSDT,MXUSDT_INV
PHA,USDC,USDT,PHAUSDC,USDCUSDT,PHAUSDT_INV
PHA,USDT,USDC,PHAUSDT,USDCUSDT_INV,PHAUSDC_INV
AXS,USDC,USDT,AXSUSDC,USDCUSDT,AXSUSDT_INV
AXS,USDT,USDC,AXSUSDT,USDCUSDT_INV,AXSUSDC_INV
STX,USDT,USDC,STXUSDT,USDCUSDT_INV,STXUSDC_INV
STX,USDC,USDT,STXUSDC,USDCUSDT,STXUSDT_INV
STO,USDC,USDT,STOUSDC,USDCUSDT,STOUSDT_INV
STO,USDT,USDC,STOUSDT,USDCUSDT_INV,STOUSDC_INV
IOTA,USDC,USDT,IOTAUSDC,USDCUSDT,IOTAUSDT_INV
IOTA,USDT,USDC,IOTAUSDT,USDCUSDT_INV,IOTAUSDC_INV
FORM,USDT,USDC,FORMUSDT,USDCUSDT_INV,FORMUSDC_INV
FORM,USDC,USDT,FORMUSDC,USDCUSDT,FORMUSDT_INV
CFX,USDC,USDT,CFXUSDC,USDCUSDT,CFXUSDT_INV
CFX,USDT,USDC,CFXUSDT,USDCUSDT_INV,CFXUSDC_INV
BOME,USDC,USDT,BOMEUSDC,USDCUSDT,BOMEUSDT_INV
BOME,USDT,USDC,BOMEUSDT,USDCUSDT_INV,BOMEUSDC_INV
USUAL,USDC,USDT,USUALUSDC,USDCUSDT,USUALUSDT_INV
USUAL,USDT,USDC,USUALUSDT,USDCUSDT_INV,USUALUSDC_INV
EGLD,USDC,USDT,EGLDUSDC,USDCUSDT,EGLDUSDT_INV
EGLD,USDT,USDC,EGLDUSDT,USDCUSDT_INV,EGLDUSDC_INV
RED,USDC,USDT,REDUSDC,USDCUSDT,REDUSDT_INV
RED,USDT,USDC,REDUSDT,USDCUSDT_INV,REDUSDC_INV
W,USDT,USDC,WUSDT,USDCUSDT_INV,WUSDC_INV
W,USDC,USDT,WUSDC,USDCUSDT,WUSDT_INV
FLOKI,USDC,USDT,FLOKIUSDC,USDCUSDT,FLOKIUSDT_INV
FLOKI,USDT,USDC,FLOKIUSDT,USDCUSDT_INV,FLOKIUSDC_INV
STABLE,USDC,USDT,STABLEUSDC,USDCUSDT,STABLEUSDT_INV
STABLE,USDT,USDC,STABLEUSDT,USDCUSDT_INV,STABLEUSDC_INV
EDEN,USDC,USDT,EDENUSDC,USDCUSDT,EDENUSDT_INV
EDEN,USDT,USDC,EDENUSDT,USDCUSDT_INV,EDENUSDC_INV
WLFI,USDT,USD1,WLFIUSDT,USD1USDT_INV,WLFIUSD1_INV
WLFI,USDT,USDC,WLFIUSDT,USDCUSDT_INV,WLFIUSDC_INV
WLFI,USD1,USDT,WLFIUSD1,USD1USDT,WLFIUSDT_INV
WLFI,USDC,USDT,WLFIUSDC,USDCUSDT,WLFIUSDT_INV
BANANAS31,USDC,USDT,BANANAS31USDC,USDCUSDT,BANANAS31USDT_INV
BANANAS31,USDT,USDC,BANANAS31USDT,USDCUSDT_INV,BANANAS31USDC_INV
GIGGLE,USDC,USDT,GIGGLEUSDC,USDCUSDT,GIGGLEUSDT_INV
GIGGLE,USDT,USDC,GIGGLEUSDT,USDCUSDT_INV,GIGGLEUSDC_INV
IRYS,USDC,USDT,IRYSUSDC,USDCUSDT,IRYSUSDT_INV
IRYS,USDT,USDC,IRYSUSDT,USDCUSDT_INV,IRYSUSDC_INV
GRIFFAIN,USDC,USDT,GRIFFAINUSDC,USDCUSDT,GRIFFAINUSDT_INV
GRIFFAIN,USDT,USDC,GRIFFAINUSDT,USDCUSDT_INV,GRIFFAINUSDC_INV
FF,USDT,USDF,FFUSDT,USDFUSDT_INV,FFUSDF_INV
FF,USDT,USDC,FFUSDT,USDCUSDT_INV,FFUSDC_INV
FF,USDF,USDT,FFUSDF,USDFUSDT,FFUSDT_INV
FF,USDC,USDT,FFUSDC,USDCUSDT,FFUSDT_INV
LTC,EUR,USDT,LTCEUR,EURUSDT,LTCUSDT_INV
LTC,USDT,EUR,LTCUSDT,EURUSDT_INV,LTCEUR_INV
INIT,USDC,USDT,INITUSDC,USDCUSDT,INITUSDT_INV
INIT,USDT,USDC,INITUSDT,USDCUSDT_INV,INITUSDC_INV
CYBER,USDC,USDT,CYBERUSDC,USDCUSDT,CYBERUSDT_INV
CYBER,USDT,USDC,CYBERUSDT,USDCUSDT_INV,CYBERUSDC_INV
BABY,USDT,USDC,BABYUSDT,USDCUSDT_INV,BABYUSDC_INV
BABY,USDC,USDT,BABYUSDC,USDCUSDT,BABYUSDT_INV
DSYNC,USDC,USDT,DSYNCUSDC,USDCUSDT,DSYNCUSDT_INV
DSYNC,USDT,USDC,DSYNCUSDT,USDCUSDT_INV,DSYNCUSDC_INV
TLM,USDT,USDC,TLMUSDT,USDCUSDT_INV,TLMUSDC_INV
TLM,USDC,USDT,TLMUSDC,USDCUSDT,TLMUSDT_INV
IP,BTC,USDT,IPBTC,BTCUSDT,IPUSDT_INV
IP,USDT,ETH,IPUSDT,ETHUSDT_INV,IPETH_INV
IP,USDT,BTC,IPUSDT,BTCUSDT_INV,IPBTC_INV
IP,USDT,USDC,IPUSDT,USDCUSDT_INV,IPUSDC_INV
IP,ETH,USDT,IPETH,ETHUSDT,IPUSDT_INV
IP,USDC,USDT,IPUSDC,USDCUSDT,IPUSDT_INV
SKATE,USDC,USDT,SKATEUSDC,USDCUSDT,SKATEUSDT_INV
SKATE,USDT,USDC,SKATEUSDT,USDCUSDT_INV,SKATEUSDC_INV
RARE,USDC,USDT,RAREUSDC,USDCUSDT,RAREUSDT_INV
RARE,USDT,USDC,RAREUSDT,USDCUSDT_INV,RAREUSDC_INV
MOVE,USDT,USDC,MOVEUSDT,USDCUSDT_INV,MOVEUSDC_INV
MOVE,USDC,USDT,MOVEUSDC,USDCUSDT,MOVEUSDT_INV
ACH,USDT,USDC,ACHUSDT,USDCUSDT_INV,ACHUSDC_INV
ACH,USDC,USDT,ACHUSDC,USDCUSDT,ACHUSDT_INV
MANTA,USDT,USDC,MANTAUSDT,USDCUSDT_INV,MANTAUSDC_INV
MANTA,USDC,USDT,MANTAUSDC,USDCUSDT,MANTAUSDT_INV
HUMA,USDC,USDT,HUMAUSDC,USDCUSDT,HUMAUSDT_INV
HUMA,USDT,USDC,HUMAUSDT,USDCUSDT_INV,HUMAUSDC_INV
POL,USDC,USDT,POLUSDC,USDCUSDT,POLUSDT_INV
POL,USDT,USDC,POLUSDT,USDCUSDT_INV,POLUSDC_INV
STRK,USDT,USDC,STRKUSDT,USDCUSDT_INV,STRKUSDC_INV
STRK,USDC,USDT,STRKUSDC,USDCUSDT,STRKUSDT_INV
ZEC,USDC,USDT,ZECUSDC,USDCUSDT,ZECUSDT_INV
ZEC,USDT,USDC,ZECUSDT,USDCUSDT_INV,ZECUSDC_INV
NEO,USDC,USDT,NEOUSDC,USDCUSDT,NEOUSDT_INV
NEO,BTC,USDT,NEOBTC,BTCUSDT,NEOUSDT_INV
NEO,USDT,BTC,NEOUSDT,BTCUSDT_INV,NEOBTC_INV
NEO,USDT,USDC,NEOUSDT,USDCUSDT_INV,NEOUSDC_INV
POPCAT,USDC,USDT,POPCATUSDC,USDCUSDT,POPCATUSDT_INV
POPCAT,USDT,USDC,POPCATUSDT,USDCUSDT_INV,POPCATUSDC_INV
SYRUP,USDT,USDC,SYRUPUSDT,USDCUSDT_INV,SYRUPUSDC_INV
SYRUP,USDC,USDT,SYRUPUSDC,USDCUSDT,SYRUPUSDT_INV
USD1,USDT,WLFI,USD1USDT,WLFIUSDT_INV,WLFIUSD1
USD1,USDT,KAS,USD1USDT,KASUSDT_INV,KASUSD1
USD1,USDT,BANK,USD1USDT,BANKUSDT_INV,BANKUSD1
USD1,USDT,PI,USD1USDT,PIUSDT_INV,PIUSD1
USD1,USDT,SAHARA,USD1USDT,SAHARAUSDT_INV,SAHARAUSD1
USD1,USDT,SOL,USD1USDT,SOLUSDT_INV,SOLUSD1
USD1,USDT,B,USD1USDT,BUSDT_INV,BUSD1
USD1,USDT,XRP,USD1USDT,XRPUSDT_INV,XRPUSD1
USD1,USDT,TRUMP,USD1USDT,TRUMPUSDT_INV,TRUMPUSD1
USD1,USDT,ETHFI,USD1USDT,ETHFIUSDT_INV,ETHFIUSD1
USD1,USDT,ETH,USD1USDT,ETHUSDT_INV,ETHUSD1
USD1,USDT,BTC,USD1USDT,BTCUSDT_INV,BTCUSD1
USD1,USDT,TAG,USD1USDT,TAGUSDT_INV,TAGUSD1
USD1,USDT,LA,USD1USDT,LAUSDT_INV,LAUSD1
USD1,USDT,MELANIA,USD1USDT,MELANIAUSDT_INV,MELANIAUSD1
USD1,B,USDT,BUSD1_INV,BUSDT,USD1USDT_INV
USD1,SOL,USDT,SOLUSD1_INV,SOLUSDT,USD1USDT_INV
USD1,WLFI,USDT,WLFIUSD1_INV,WLFIUSDT,USD1USDT_INV
USD1,ETHFI,USDT,ETHFIUSD1_INV,ETHFIUSDT,USD1USDT_INV
USD1,PI,USDT,PIUSD1_INV,PIUSDT,USD1USDT_INV
USD1,TRUMP,USDT,TRUMPUSD1_INV,TRUMPUSDT,USD1USDT_INV
USD1,XRP,USDT,XRPUSD1_INV,XRPUSDT,USD1USDT_INV
USD1,LA,USDT,LAUSD1_INV,LAUSDT,USD1USDT_INV
USD1,TAG,USDT,TAGUSD1_INV,TAGUSDT,USD1USDT_INV
USD1,ETH,USDT,ETHUSD1_INV,ETHUSDT,USD1USDT_INV
USD1,BTC,USDT,BTCUSD1_INV,BTCUSDT,USD1USDT_INV
USD1,KAS,USDT,KASUSD1_INV,KASUSDT,USD1USDT_INV
USD1,SAHARA,USDT,SAHARAUSD1_INV,SAHARAUSDT,USD1USDT_INV
USD1,BANK,USDT,BANKUSD1_INV,BANKUSDT,USD1USDT_INV
USD1,MELANIA,USDT,MELANIAUSD1_INV,MELANIAUSDT,USD1USDT_INV
TON,EUR,USDT,TONEUR,EURUSDT,TONUSDT_INV
TON,USDC,USDT,TONUSDC,USDCUSDT,TONUSDT_INV
TON,USDT,USDC,TONUSDT,USDCUSDT_INV,TONUSDC_INV
TON,USDT,EUR,TONUSDT,EURUSDT_INV,TONEUR_INV
APT,USDC,USDT,APTUSDC,USDCUSDT,APTUSDT_INV
APT,USDT,USDC,APTUSDT,USDCUSDT_INV,APTUSDC_INV
COOKIE,USDC,USDT,COOKIEUSDC,USDCUSDT,COOKIEUSDT_INV
COOKIE,USDT,USDC,COOKIEUSDT,USDCUSDT_INV,COOKIEUSDC_INV
FUN,USDC,USDT,FUNUSDC,USDCUSDT,FUNUSDT_INV
FUN,USDT,USDC,FUNUSDT,USDCUSDT_INV,FUNUSDC_INV
CAKE,USDC,USDT,CAKEUSDC,USDCUSDT,CAKEUSDT_INV
CAKE,USDT,USDC,CAKEUSDT,USDCUSDT_INV,CAKEUSDC_INV
CC,USDC,USDT,CCUSDC,USDCUSDT,CCUSDT_INV
CC,USDT,USDC,CCUSDT,USDCUSDT_INV,CCUSDC_INV
SUI,USDT,USDC,SUIUSDT,USDCUSDT_INV,SUIUSDC_INV
SUI,USDT,USDE,SUIUSDT,USDEUSDT_INV,SUIUSDE_INV
SUI,USDT,EUR,SUIUSDT,EURUSDT_INV,SUIEUR_INV
SUI,EUR,USDT,SUIEUR,EURUSDT,SUIUSDT_INV
SUI,USDE,USDT,SUIUSDE,USDEUSDT,SUIUSDT_INV
SUI,USDC,USDT,SUIUSDC,USDCUSDT,SUIUSDT_INV
HYPE,USDC,USDT,HYPEUSDC,USDCUSDT,HYPEUSDT_INV
HYPE,USDT,USDC,HYPEUSDT,USDCUSDT_INV,HYPEUSDC_INV
PI,EUR,USDT,PIEUR,EURUSDT,PIUSDT_INV
PI,USD1,USDT,PIUSD1,USD1USDT,PIUSDT_INV
PI,USDT,USDC,PIUSDT,USDCUSDT_INV,PIUSDC_INV
PI,USDT,USDE,PIUSDT,USDEUSDT_INV,PIUSDE_INV
PI,USDT,EUR,PIUSDT,EURUSDT_INV,PIEUR_INV
PI,USDT,USD1,PIUSDT,USD1USDT_INV,PIUSD1_INV
PI,USDE,USDT,PIUSDE,USDEUSDT,PIUSDT_INV
PI,USDC,USDT,PIUSDC,USDCUSDT,PIUSDT_INV
SHIB,EUR,USDT,SHIBEUR,EURUSDT,SHIBUSDT_INV
SHIB,USDT,EUR,SHIBUSDT,EURUSDT_INV,SHIBEUR_INV
ENA,USDC,USDT,ENAUSDC,USDCUSDT,ENAUSDT_INV
ENA,USDE,USDT,ENAUSDE,USDEUSDT,ENAUSDT_INV
ENA,USDT,USDC,ENAUSDT,USDCUSDT_INV,ENAUSDC_INV
ENA,USDT,USDE,ENAUSDT,USDEUSDT_INV,ENAUSDE_INV
XTZ,USDC,USDT,XTZUSDC,USDCUSDT,XTZUSDT_INV
XTZ,USDT,USDC,XTZUSDT,USDCUSDT_INV,XTZUSDC_INV
ROSE,USDC,USDT,ROSEUSDC,USDCUSDT,ROSEUSDT_INV
ROSE,USDT,USDC,ROSEUSDT,USDCUSDT_INV,ROSEUSDC_INV
PYTH,USDT,USDC,PYTHUSDT,USDCUSDT_INV,PYTHUSDC_INV
PYTH,USDC,USDT,PYTHUSDC,USDCUSDT,PYTHUSDT_INV
SKY,USDT,USDC,SKYUSDT,USDCUSDT_INV,SKYUSDC_INV
SKY,USDC,USDT,SKYUSDC,USDCUSDT,SKYUSDT_INV
B,USDT,USD1,BUSDT,USD1USDT_INV,BUSD1_INV
B,USD1,USDT,BUSD1,USD1USDT,BUSDT_INV
TRUMP,USD1,USDT,TRUMPUSD1,USD1USDT,TRUMPUSDT_INV
TRUMP,USDT,USD1,TRUMPUSDT,USD1USDT_INV,TRUMPUSD1_INV
TRUMP,USDT,USDC,TRUMPUSDT,USDCUSDT_INV,TRUMPUSDC_INV
TRUMP,USDT,EUR,TRUMPUSDT,EURUSDT_INV,TRUMPEUR_INV
TRUMP,EUR,USDT,TRUMPEUR,EURUSDT,TRUMPUSDT_INV
TRUMP,USDC,USDT,TRUMPUSDC,USDCUSDT,TRUMPUSDT_INV
ACT,USDT,USDC,ACTUSDT,USDCUSDT_INV,ACTUSDC_INV
ACT,USDC,USDT,ACTUSDC,USDCUSDT,ACTUSDT_INV
REZ,USDC,USDT,REZUSDC,USDCUSDT,REZUSDT_INV
REZ,USDT,USDC,REZUSDT,USDCUSDT_INV,REZUSDC_INV
UNI,ETH,USDT,UNIETH,ETHUSDT,UNIUSDT_INV
UNI,USDT,ETH,UNIUSDT,ETHUSDT_INV,UNIETH_INV
OPEN,USDT,USDC,OPENUSDT,USDCUSDT_INV,OPENUSDC_INV
OPEN,USDC,USDT,OPENUSDC,USDCUSDT,OPENUSDT_INV
JTO,USDC,USDT,JTOUSDC,USDCUSDT,JTOUSDT_INV
JTO,USDT,USDC,JTOUSDT,USDCUSDT_INV,JTOUSDC_INV
DYDX,USDC,USDT,DYDXUSDC,USDCUSDT,DYDXUSDT_INV
DYDX,USDT,USDC,DYDXUSDT,USDCUSDT_INV,DYDXUSDC_INV
RVN,USDT,USDC,RVNUSDT,USDCUSDT_INV,RVNUSDC_INV
RVN,USDC,USDT,RVNUSDC,USDCUSDT,RVNUSDT_INV
DOGE,EUR,USDT,DOGEEUR,EURUSDT,DOGEUSDT_INV
DOGE,USDT,EUR,DOGEUSDT,EURUSDT_INV,DOGEEUR_INV
DOGE,USDT,USDE,DOGEUSDT,USDEUSDT_INV,DOGEUSDE_INV
DOGE,USDE,USDT,DOGEUSDE,USDEUSDT,DOGEUSDT_INV
QTUM,BTC,USDT,QTUMBTC,BTCUSDT,QTUMUSDT_INV
QTUM,USDT,BTC,QTUMUSDT,BTCUSDT_INV,QTUMBTC_INV
QTUM,USDT,USDC,QTUMUSDT,USDCUSDT_INV,QTUMUSDC_INV
QTUM,USDC,USDT,QTUMUSDC,USDCUSDT,QTUMUSDT_INV
HEMI,USDT,USDC,HEMIUSDT,USDCUSDT_INV,HEMIUSDC_INV
HEMI,USDC,USDT,HEMIUSDC,USDCUSDT,HEMIUSDT_INV
BOB,USDC,USDT,BOBUSDC,USDCUSDT,BOBUSDT_INV
BOB,USDT,USDC,BOBUSDT,USDCUSDT_INV,BOBUSDC_INV
INJ,USDC,USDT,INJUSDC,USDCUSDT,INJUSDT_INV
INJ,USDT,USDC,INJUSDT,USDCUSDT_INV,INJUSDC_INV
HIVE,USDT,USDC,HIVEUSDT,USDCUSDT_INV,HIVEUSDC_INV
HIVE,USDC,USDT,HIVEUSDC,USDCUSDT,HIVEUSDT_INV
RIO,USDT,EUR,RIOUSDT,EURUSDT_INV,RIOEUR_INV
RIO,USDT,USDC,RIOUSDT,USDCUSDT_INV,RIOUSDC_INV
RIO,EUR,USDT,RIOEUR,EURUSDT,RIOUSDT_INV
RIO,USDC,USDT,RIOUSDC,USDCUSDT,RIOUSDT_INV
GAIB,USDC,USDT,GAIBUSDC,USDCUSDT,GAIBUSDT_INV
GAIB,USDT,USDC,GAIBUSDT,USDCUSDT_INV,GAIBUSDC_INV
0G,USDT,USDC,0GUSDT,USDCUSDT_INV,0GUSDC_INV
0G,USDC,USDT,0GUSDC,USDCUSDT,0GUSDT_INV
CYS,USDT,USDC,CYSUSDT,USDCUSDT_INV,CYSUSDC_INV
CYS,USDC,USDT,CYSUSDC,USDCUSDT,CYSUSDT_INV
AEVO,USDC,USDT,AEVOUSDC,USDCUSDT,AEVOUSDT_INV
AEVO,USDT,USDC,AEVOUSDT,USDCUSDT_INV,AEVOUSDC_INV
ASTER,USDC,USDT,ASTERUSDC,USDCUSDT,ASTERUSDT_INV
ASTER,USDT,USDC,ASTERUSDT,USDCUSDT_INV,ASTERUSDC_INV
CGPT,USDT,USDC,CGPTUSDT,USDCUSDT_INV,CGPTUSDC_INV
CGPT,USDC,USDT,CGPTUSDC,USDCUSDT,CGPTUSDT_INV
IMX,USDT,USDC,IMXUSDT,USDCUSDT_INV,IMXUSDC_INV
IMX,USDC,USDT,IMXUSDC,USDCUSDT,IMXUSDT_INV
VIRTUAL,USDC,USDT,VIRTUALUSDC,USDCUSDT,VIRTUALUSDT_INV
VIRTUAL,USDT,USDC,VIRTUALUSDT,USDCUSDT_INV,VIRTUALUSDC_INV
SAGA,USDT,USDC,SAGAUSDT,USDCUSDT_INV,SAGAUSDC_INV
SAGA,USDC,USDT,SAGAUSDC,USDCUSDT,SAGAUSDT_INV
RUNE,USDC,USDT,RUNEUSDC,USDCUSDT,RUNEUSDT_INV
RUNE,USDT,USDC,RUNEUSDT,USDCUSDT_INV,RUNEUSDC_INV
LDO,USDC,USDT,LDOUSDC,USDCUSDT,LDOUSDT_INV
LDO,USDT,USDC,LDOUSDT,USDCUSDT_INV,LDOUSDC_INV
KITE,USDT,USDC,KITEUSDT,USDCUSDT_INV,KITEUSDC_INV
KITE,USDC,USDT,KITEUSDC,USDCUSDT,KITEUSDT_INV
ZRO,USDT,USDC,ZROUSDT,USDCUSDT_INV,ZROUSDC_INV
ZRO,USDC,USDT,ZROUSDC,USDCUSDT,ZROUSDT_INV
USDE,PI,USDT,PIUSDE_INV,PIUSDT,USDEUSDT_INV
USDE,ETH,USDT,ETHUSDE_INV,ETHUSDT,USDEUSDT_INV
USDE,DOGE,USDT,DOGEUSDE_INV,DOGEUSDT,USDEUSDT_INV
USDE,USDT,XRP,USDEUSDT,XRPUSDT_INV,XRPUSDE
USDE,USDT,PEPE,USDEUSDT,PEPEUSDT_INV,PEPEUSDE
USDE,USDT,ULTIMA,USDEUSDT,ULTIMAUSDT_INV,ULTIMAUSDE
USDE,USDT,SUI,USDEUSDT,SUIUSDT_INV,SUIUSDE
USDE,USDT,ETHFI,USDEUSDT,ETHFIUSDT_INV,ETHFIUSDE
USDE,USDT,ETH,USDEUSDT,ETHUSDT_INV,ETHUSDE
USDE,USDT,BTC,USDEUSDT,BTCUSDT_INV,BTCUSDE
USDE,USDT,DOGE,USDEUSDT,DOGEUSDT_INV,DOGEUSDE
USDE,USDT,TRX,USDEUSDT,TRXUSDT_INV,TRXUSDE
USDE,USDT,ENA,USDEUSDT,ENAUSDT_INV,ENAUSDE
USDE,USDT,KAS,USDEUSDT,KASUSDT_INV,KASUSDE
USDE,USDT,PI,USDEUSDT,PIUSDT_INV,PIUSDE
USDE,USDT,SOL,USDEUSDT,SOLUSDT_INV,SOLUSDE
USDE,ENA,USDT,ENAUSDE_INV,ENAUSDT,USDEUSDT_INV
USDE,SUI,USDT,SUIUSDE_INV,SUIUSDT,USDEUSDT_INV
USDE,SOL,USDT,SOLUSDE_INV,SOLUSDT,USDEUSDT_INV
USDE,KAS,USDT,KASUSDE_INV,KASUSDT,USDEUSDT_INV
USDE,ETHFI,USDT,ETHFIUSDE_INV,ETHFIUSDT,USDEUSDT_INV
USDE,XRP,USDT,XRPUSDE_INV,XRPUSDT,USDEUSDT_INV
USDE,TRX,USDT,TRXUSDE_INV,TRXUSDT,USDEUSDT_INV
USDE,BTC,USDT,BTCUSDE_INV,BTCUSDT,USDEUSDT_INV
USDE,ULTIMA,USDT,ULTIMAUSDE_INV,ULTIMAUSDT,USDEUSDT_INV
USDE,PEPE,USDT,PEPEUSDE_INV,PEPEUSDT,USDEUSDT_INV
ARB,USDC,USDT,ARBUSDC,USDCUSDT,ARBUSDT_INV
ARB,USDT,USDC,ARBUSDT,USDCUSDT_INV,ARBUSDC_INV
SAHARA,USD1,USDT,SAHARAUSD1,USD1USDT,SAHARAUSDT_INV
SAHARA,USDC,USDT,SAHARAUSDC,USDCUSDT,SAHARAUSDT_INV
SAHARA,USDT,USD1,SAHARAUSDT,USD1USDT_INV,SAHARAUSD1_INV
SAHARA,USDT,USDC,SAHARAUSDT,USDCUSDT_INV,SAHARAUSDC_INV
DASH,USDT,USDC,DASHUSDT,USDCUSDT_INV,DASHUSDC_INV
DASH,USDT,BTC,DASHUSDT,BTCUSDT_INV,DASHBTC_INV
DASH,BTC,USDT,DASHBTC,BTCUSDT,DASHUSDT_INV
DASH,USDC,USDT,DASHUSDC,USDCUSDT,DASHUSDT_INV
COTI,USDC,USDT,COTIUSDC,USDCUSDT,COTIUSDT_INV
COTI,USDT,USDC,COTIUSDT,USDCUSDT_INV,COTIUSDC_INV
PNUT,USDC,USDT,PNUTUSDC,USDCUSDT,PNUTUSDT_INV
PNUT,USDT,USDC,PNUTUSDT,USDCUSDT_INV,PNUTUSDC_INV
FET,USDT,USDC,FETUSDT,USDCUSDT_INV,FETUSDC_INV
FET,USDC,USDT,FETUSDC,USDCUSDT,FETUSDT_INV
EUR,SHIB,USDT,SHIBEUR_INV,SHIBUSDT,EURUSDT_INV
EUR,LTC,USDT,LTCEUR_INV,LTCUSDT,EURUSDT_INV
EUR,PEPE,USDT,PEPEEUR_INV,PEPEUSDT,EURUSDT_INV
EUR,PI,USDT,PIEUR_INV,PIUSDT,EURUSDT_INV
EUR,SUI,USDT,SUIEUR_INV,SUIUSDT,EURUSDT_INV
EUR,TRUMP,USDT,TRUMPEUR_INV,TRUMPUSDT,EURUSDT_INV
EUR,MX,USDT,MXEUR_INV,MXUSDT,EURUSDT_INV
EUR,WIF,USDT,WIFEUR_INV,WIFUSDT,EURUSDT_INV
EUR,RIO,USDT,RIOEUR_INV,RIOUSDT,EURUSDT_INV
EUR,ADA,USDT,ADAEUR_INV,ADAUSDT,EURUSDT_INV
EUR,BTC,USDT,BTCEUR_INV,BTCUSDT,EURUSDT_INV
EUR,TON,USDT,TONEUR_INV,TONUSDT,EURUSDT_INV
EUR,LINK,USDT,LINKEUR_INV,LINKUSDT,EURUSDT_INV
EUR,MELANIA,USDT,MELANIAEUR_INV,MELANIAUSDT,EURUSDT_INV
EUR,XRP,USDT,XRPEUR_INV,XRPUSDT,EURUSDT_INV
EUR,AVAX,USDT,AVAXEUR_INV,AVAXUSDT,EURUSDT_INV
EUR,ETH,USDT,ETHEUR_INV,ETHUSDT,EURUSDT_INV
EUR,TAO,USDT,TAOEUR_INV,TAOUSDT,EURUSDT_INV
EUR,USDT,TON,EURUSDT,TONUSDT_INV,TONEUR
EUR,USDT,MELANIA,EURUSDT,MELANIAUSDT_INV,MELANIAEUR
EUR,USDT,ADA,EURUSDT,ADAUSDT_INV,ADAEUR
EUR,USDT,WIF,EURUSDT,WIFUSDT_INV,WIFEUR
EUR,USDT,PI,EURUSDT,PIUSDT_INV,PIEUR
EUR,USDT,LINK,EURUSDT,LINKUSDT_INV,LINKEUR
EUR,USDT,SOL,EURUSDT,SOLUSDT_INV,SOLEUR
EUR,USDT,AVAX,EURUSDT,AVAXUSDT_INV,AVAXEUR
EUR,USDT,KAS,EURUSDT,KASUSDT_INV,KASEUR
EUR,USDT,ULTIMA,EURUSDT,ULTIMAUSDT_INV,ULTIMAEUR
EUR,USDT,SHIB,EURUSDT,SHIBUSDT_INV,SHIBEUR
EUR,USDT,LTC,EURUSDT,LTCUSDT_INV,LTCEUR
EUR,USDT,XRP,EURUSDT,XRPUSDT_INV,XRPEUR
EUR,USDT,TRUMP,EURUSDT,TRUMPUSDT_INV,TRUMPEUR
EUR,USDT,PEPE,EURUSDT,PEPEUSDT_INV,PEPEEUR
EUR,USDT,MX,EURUSDT,MXUSDT_INV,MXEUR
EUR,USDT,TAO,EURUSDT,TAOUSDT_INV,TAOEUR
EUR,USDT,DOGE,EURUSDT,DOGEUSDT_INV,DOGEEUR
EUR,USDT,USDC,EURUSDT,USDCUSDT_INV,USDCEUR
EUR,USDT,SUI,EURUSDT,SUIUSDT_INV,SUIEUR
EUR,USDT,RIO,EURUSDT,RIOUSDT_INV,RIOEUR
EUR,USDT,ETH,EURUSDT,ETHUSDT_INV,ETHEUR
EUR,USDT,BTC,EURUSDT,BTCUSDT_INV,BTCEUR
EUR,ULTIMA,USDT,ULTIMAEUR_INV,ULTIMAUSDT,EURUSDT_INV
EUR,USDC,USDT,USDCEUR_INV,USDCUSDT,EURUSDT_INV
EUR,SOL,USDT,SOLEUR_INV,SOLUSDT,EURUSDT_INV
EUR,DOGE,USDT,DOGEEUR_INV,DOGEUSDT,EURUSDT_INV
EUR,KAS,USDT,KASEUR_INV,KASUSDT,EURUSDT_INV
NIGHT,USDT,USDC,NIGHTUSDT,USDCUSDT_INV,NIGHTUSDC_INV
NIGHT,USDC,USDT,NIGHTUSDC,USDCUSDT,NIGHTUSDT_INV
WLD,USDT,USDC,WLDUSDT,USDCUSDT_INV,WLDUSDC_INV
WLD,USDC,USDT,WLDUSDC,USDCUSDT,WLDUSDT_INV
AIXBT,USDC,USDT,AIXBTUSDC,USDCUSDT,AIXBTUSDT_INV
AIXBT,USDT,USDC,AIXBTUSDT,USDCUSDT_INV,AIXBTUSDC_INV
NIL,USDT,USDC,NILUSDT,USDCUSDT_INV,NILUSDC_INV
NIL,USDC,USDT,NILUSDC,USDCUSDT,NILUSDT_INV
XRP,EUR,USDT,XRPEUR,EURUSDT,XRPUSDT_INV
XRP,BTC,USDT,XRPBTC,BTCUSDT,XRPUSDT_INV
XRP,USDE,USDT,XRPUSDE,USDEUSDT,XRPUSDT_INV
XRP,ETH,USDT,XRPETH,ETHUSDT,XRPUSDT_INV
XRP,BRL,USDT,XRPBRL,BRLUSDT,XRPUSDT_INV
XRP,USDT,USD1,XRPUSDT,USD1USDT_INV,XRPUSD1_INV
XRP,USDT,ETH,XRPUSDT,ETHUSDT_INV,XRPETH_INV
XRP,USDT,BTC,XRPUSDT,BTCUSDT_INV,XRPBTC_INV
XRP,USDT,BRL,XRPUSDT,BRLUSDT_INV,XRPBRL_INV
XRP,USDT,USDE,XRPUSDT,USDEUSDT_INV,XRPUSDE_INV
XRP,USDT,EUR,XRPUSDT,EURUSDT_INV,XRPEUR_INV
XRP,USD1,USDT,XRPUSD1,USD1USDT,XRPUSDT_INV
BCH,USDT,BTC,BCHUSDT,BTCUSDT_INV,BCHBTC_INV
BCH,BTC,USDT,BCHBTC,BTCUSDT,BCHUSDT_INV
XDC,USDC,USDT,XDCUSDC,USDCUSDT,XDCUSDT_INV
XDC,USDT,USDC,XDCUSDT,USDCUSDT_INV,XDCUSDC_INV
ETHFI,USD1,USDT,ETHFIUSD1,USD1USDT,ETHFIUSDT_INV
ETHFI,USDC,USDT,ETHFIUSDC,USDCUSDT,ETHFIUSDT_INV
ETHFI,USDT,USD1,ETHFIUSDT,USD1USDT_INV,ETHFIUSD1_INV
ETHFI,USDT,USDC,ETHFIUSDT,USDCUSDT_INV,ETHFIUSDC_INV
ETHFI,USDT,USDE,ETHFIUSDT,USDEUSDT_INV,ETHFIUSDE_INV
ETHFI,USDE,USDT,ETHFIUSDE,USDEUSDT,ETHFIUSDT_INV
ULTIMA,EUR,USDT,ULTIMAEUR,EURUSDT,ULTIMAUSDT_INV
ULTIMA,USDE,USDT,ULTIMAUSDE,USDEUSDT,ULTIMAUSDT_INV
ULTIMA,USDC,USDT,ULTIMAUSDC,USDCUSDT,ULTIMAUSDT_INV
ULTIMA,USDT,EUR,ULTIMAUSDT,EURUSDT_INV,ULTIMAEUR_INV
ULTIMA,USDT,USDC,ULTIMAUSDT,USDCUSDT_INV,ULTIMAUSDC_INV
ULTIMA,USDT,USDE,ULTIMAUSDT,USDEUSDT_INV,ULTIMAUSDE_INV
S,USDC,USDT,SUSDC,USDCUSDT,SUSDT_INV
S,USDT,USDC,SUSDT,USDCUSDT_INV,SUSDC_INV
MAV,USDT,USDC,MAVUSDT,USDCUSDT_INV,MAVUSDC_INV
MAV,USDC,USDT,MAVUSDC,USDCUSDT,MAVUSDT_INV
TIA,USDC,USDT,TIAUSDC,USDCUSDT,TIAUSDT_INV
TIA,USDT,USDC,TIAUSDT,USDCUSDT_INV,TIAUSDC_INV
MON,USDT,USDC,MONUSDT,USDCUSDT_INV,MONUSDC_INV
MON,USDC,USDT,MONUSDC,USDCUSDT,MONUSDT_INV
KEKIUS,USDT,USDC,KEKIUSUSDT,USDCUSDT_INV,KEKIUSUSDC_INV
KEKIUS,USDC,USDT,KEKIUSUSDC,USDCUSDT,KEKIUSUSDT_INV
KAS,USD1,USDT,KASUSD1,USD1USDT,KASUSDT_INV
KAS,USDT,USDC,KASUSDT,USDCUSDT_INV,KASUSDC_INV
KAS,USDT,USDE,KASUSDT,USDEUSDT_INV,KASUSDE_INV
KAS,USDT,EUR,KASUSDT,EURUSDT_INV,KASEUR_INV
KAS,USDT,USD1,KASUSDT,USD1USDT_INV,KASUSD1_INV
KAS,USDE,USDT,KASUSDE,USDEUSDT,KASUSDT_INV
KAS,USDC,USDT,KASUSDC,USDCUSDT,KASUSDT_INV
KAS,EUR,USDT,KASEUR,EURUSDT,KASUSDT_INV
TAO,USDT,USDC,TAOUSDT,USDCUSDT_INV,TAOUSDC_INV
TAO,USDT,EUR,TAOUSDT,EURUSDT_INV,TAOEUR_INV
TAO,USDC,USDT,TAOUSDC,USDCUSDT,TAOUSDT_INV
TAO,EUR,USDT,TAOEUR,EURUSDT,TAOUSDT_INV
LINK,ETH,USDT,LINKETH,ETHUSDT,LINKUSDT_INV
LINK,USDC,USDT,LINKUSDC,USDCUSDT,LINKUSDT_INV
LINK,EUR,USDT,LINKEUR,EURUSDT,LINKUSDT_INV
LINK,USDT,USDC,LINKUSDT,USDCUSDT_INV,LINKUSDC_INV
LINK,USDT,ETH,LINKUSDT,ETHUSDT_INV,LINKETH_INV
LINK,USDT,EUR,LINKUSDT,EURUSDT_INV,LINKEUR_INV
KILO,USDT,USDC,KILOUSDT,USDCUSDT_INV,KILOUSDC_INV
KILO,USDC,USDT,KILOUSDC,USDCUSDT,KILOUSDT_INV
OMG,USDT,BTC,OMGUSDT,BTCUSDT_INV,OMGBTC_INV
OMG,BTC,USDT,OMGBTC,BTCUSDT,OMGUSDT_INV
ERA,USDT,USDC,ERAUSDT,USDCUSDT_INV,ERAUSDC_INV
ERA,USDC,USDT,ERAUSDC,USDCUSDT,ERAUSDT_INV
TOWNS,USDT,USDC,TOWNSUSDT,USDCUSDT_INV,TOWNSUSDC_INV
TOWNS,USDC,USDT,TOWNSUSDC,USDCUSDT,TOWNSUSDT_INV
SUSHI,USDT,USDC,SUSHIUSDT,USDCUSDT_INV,SUSHIUSDC_INV
SUSHI,USDC,USDT,SUSHIUSDC,USDCUSDT,SUSHIUSDT_INV
KAITO,USDT,USDC,KAITOUSDT,USDCUSDT_INV,KAITOUSDC_INV
KAITO,USDC,USDT,KAITOUSDC,USDCUSDT,KAITOUSDT_INV
NMR,ETH,USDT,NMRETH,ETHUSDT,NMRUSDT_INV
NMR,USDC,USDT,NMRUSDC,USDCUSDT,NMRUSDT_INV
NMR,USDT,ETH,NMRUSDT,ETHUSDT_INV,NMRETH_INV
NMR,USDT,USDC,NMRUSDT,USDCUSDT_INV,NMRUSDC_INV
BKN,USDC,USDT,BKNUSDC,USDCUSDT,BKNUSDT_INV
BKN,USDT,USDC,BKNUSDT,USDCUSDT_INV,BKNUSDC_INV
USDT,HUMA,USDC,HUMAUSDT_INV,HUMAUSDC,USDCUSDT
USDT,ETHFI,USD1,ETHFIUSDT_INV,ETHFIUSD1,USD1USDT
USDT,ETHFI,USDC,ETHFIUSDT_INV,ETHFIUSDC,USDCUSDT
USDT,ETHFI,USDE,ETHFIUSDT_INV,ETHFIUSDE,USDEUSDT
USDT,UNI,ETH,UNIUSDT_INV,UNIETH,ETHUSDT
USDT,RIO,EUR,RIOUSDT_INV,RIOEUR,EURUSDT
USDT,RIO,USDC,RIOUSDT_INV,RIOUSDC,USDCUSDT
USDT,VELODROME,USDC,VELODROMEUSDT_INV,VELODROMEUSDC,USDCUSDT
USDT,ETH,UNI,ETHUSDT_INV,UNIETH_INV,UNIUSDT
USDT,ETH,IP,ETHUSDT_INV,IPETH_INV,IPUSDT
USDT,ETH,USDE,ETHUSDT_INV,ETHUSDE,USDEUSDT
USDT,ETH,MX,ETHUSDT_INV,MXETH_INV,MXUSDT
USDT,ETH,XRP,ETHUSDT_INV,XRPETH_INV,XRPUSDT
USDT,ETH,USDF,ETHUSDT_INV,ETHUSDF,USDFUSDT
USDT,ETH,BRL,ETHUSDT_INV,ETHBRL,BRLUSDT
USDT,ETH,OXT,ETHUSDT_INV,OXTETH_INV,OXTUSDT
USDT,ETH,CRV,ETHUSDT_INV,CRVETH_INV,CRVUSDT
USDT,ETH,NMR,ETHUSDT_INV,NMRETH_INV,NMRUSDT
USDT,ETH,RSR,ETHUSDT_INV,RSRETH_INV,RSRUSDT
USDT,ETH,AR,ETHUSDT_INV,ARETH_INV,ARUSDT
USDT,ETH,USD1,ETHUSDT_INV,ETHUSD1,USD1USDT
USDT,ETH,LINK,ETHUSDT_INV,LINKETH_INV,LINKUSDT
USDT,ETH,EUR,ETHUSDT_INV,ETHEUR,EURUSDT
USDT,ETH,SNX,ETHUSDT_INV,SNXETH_INV,SNXUSDT
USDT,ETH,BTC,ETHUSDT_INV,ETHBTC,BTCUSDT
USDT,ALCH,USDC,ALCHUSDT_INV,ALCHUSDC,USDCUSDT
USDT,ORCA,USDC,ORCAUSDT_INV,ORCAUSDC,USDCUSDT
USDT,XLM,USDC,XLMUSDT_INV,XLMUSDC,USDCUSDT
USDT,XLM,BTC,XLMUSDT_INV,XLMBTC,BTCUSDT
USDT,COOKIE,USDC,COOKIEUSDT_INV,COOKIEUSDC,USDCUSDT
USDT,HYPER,USDC,HYPERUSDT_INV,HYPERUSDC,USDCUSDT
USDT,AIOT,USDC,AIOTUSDT_INV,AIOTUSDC,USDCUSDT
USDT,BTC,BDX,BTCUSDT_INV,BDXBTC_INV,BDXUSDT
USDT,BTC,USD1,BTCUSDT_INV,BTCUSD1,USD1USDT
USDT,BTC,XRP,BTCUSDT_INV,XRPBTC_INV,XRPUSDT
USDT,BTC,XLM,BTCUSDT_INV,XLMBTC_INV,XLMUSDT
USDT,BTC,DASH,BTCUSDT_INV,DASHBTC_INV,DASHUSDT
USDT,BTC,USDC,BTCUSDT_INV,BTCUSDC,USDCUSDT
USDT,BTC,IP,BTCUSDT_INV,IPBTC_INV,IPUSDT
USDT,BTC,DEXE,BTCUSDT_INV,DEXEBTC_INV,DEXEUSDT
USDT,BTC,OMG,BTCUSDT_INV,OMGBTC_INV,OMGUSDT
USDT,BTC,NEO,BTCUSDT_INV,NEOBTC_INV,NEOUSDT
USDT,BTC,BCH,BTCUSDT_INV,BCHBTC_INV,BCHUSDT
USDT,BTC,MX,BTCUSDT_INV,MXBTC_INV,MXUSDT
USDT,BTC,EUR,BTCUSDT_INV,BTCEUR,EURUSDT
USDT,BTC,TRX,BTCUSDT_INV,TRXBTC_INV,TRXUSDT
USDT,BTC,ONT,BTCUSDT_INV,ONTBTC_INV,ONTUSDT
USDT,BTC,ETH,BTCUSDT_INV,ETHBTC_INV,ETHUSDT
USDT,BTC,USDE,BTCUSDT_INV,BTCUSDE,USDEUSDT
USDT,BTC,A,BTCUSDT_INV,ABTC_INV,AUSDT
USDT,BTC,ETC,BTCUSDT_INV,ETCBTC_INV,ETCUSDT
USDT,BTC,DOT,BTCUSDT_INV,DOTBTC_INV,DOTUSDT
USDT,BTC,ANKR,BTCUSDT_INV,ANKRBTC_INV,ANKRUSDT
USDT,BTC,BRL,BTCUSDT_INV,BTCBRL,BRLUSDT
USDT,BTC,QTUM,BTCUSDT_INV,QTUMBTC_INV,QTUMUSDT
USDT,BTC,WBTC,BTCUSDT_INV,WBTCBTC_INV,WBTCUSDT
USDT,BTC,SOL,BTCUSDT_INV,SOLBTC_INV,SOLUSDT
USDT,BTC,ATOM,BTCUSDT_INV,ATOMBTC_INV,ATOMUSDT
USDT,BTC,USDF,BTCUSDT_INV,BTCUSDF,USDFUSDT
USDT,BB,USDC,BBUSDT_INV,BBUSDC,USDCUSDT
USDT,IDEX,USDC,IDEXUSDT_INV,IDEXUSDC,USDCUSDT
USDT,VET,USDC,VETUSDT_INV,VETUSDC,USDCUSDT
USDT,ACH,USDC,ACHUSDT_INV,ACHUSDC,USDCUSDT
USDT,TOWNS,USDC,TOWNSUSDT_INV,TOWNSUSDC,USDCUSDT
USDT,ARB,USDC,ARBUSDT_INV,ARBUSDC,USDCUSDT
USDT,COTI,USDC,COTIUSDT_INV,COTIUSDC,USDCUSDT
USDT,SKATE,USDC,SKATEUSDT_INV,SKATEUSDC,USDCUSDT
USDT,KMNO,USDC,KMNOUSDT_INV,KMNOUSDC,USDCUSDT
USDT,MX,BTC,MXUSDT_INV,MXBTC,BTCUSDT
USDT,MX,EUR,MXUSDT_INV,MXEUR,EURUSDT
USDT,MX,BRL,MXUSDT_INV,MXBRL,BRLUSDT
USDT,MX,ETH,MXUSDT_INV,MXETH,ETHUSDT
USDT,TAG,USD1,TAGUSDT_INV,TAGUSD1,USD1USDT
USDT,USDF,BTC,USDFUSDT_INV,BTCUSDF_INV,BTCUSDT
USDT,USDF,FF,USDFUSDT_INV,FFUSDF_INV,FFUSDT
USDT,USDF,USDC,USDFUSDT_INV,USDCUSDF_INV,USDCUSDT
USDT,USDF,ETH,USDFUSDT_INV,ETHUSDF_INV,ETHUSDT
USDT,BANANA,USDC,BANANAUSDT_INV,BANANAUSDC,USDCUSDT
USDT,EDEN,USDC,EDENUSDT_INV,EDENUSDC,USDCUSDT
USDT,CHZ,USDC,CHZUSDT_INV,CHZUSDC,USDCUSDT
USDT,SAND,USDC,SANDUSDT_INV,SANDUSDC,USDCUSDT
USDT,PENDLE,USDC,PENDLEUSDT_INV,PENDLEUSDC,USDCUSDT
USDT,GRT,USDC,GRTUSDT_INV,GRTUSDC,USDCUSDT
USDT,LPT,USDC,LPTUSDT_INV,LPTUSDC,USDCUSDT
USDT,TAO,USDC,TAOUSDT_INV,TAOUSDC,USDCUSDT
USDT,TAO,EUR,TAOUSDT_INV,TAOEUR,EURUSDT
USDT,QNT,USDC,QNTUSDT_INV,QNTUSDC,USDCUSDT
USDT,TLM,USDC,TLMUSDT_INV,TLMUSDC,USDCUSDT
USDT,DOGE,USDE,DOGEUSDT_INV,DOGEUSDE,USDEUSDT
USDT,DOGE,EUR,DOGEUSDT_INV,DOGEEUR,EURUSDT
USDT,USDC,IRYS,USDCUSDT_INV,IRYSUSDC_INV,IRYSUSDT
USDT,USDC,XPL,USDCUSDT_INV,XPLUSDC_INV,XPLUSDT
USDT,USDC,CHESS,USDCUSDT_INV,CHESSUSDC_INV,CHESSUSDT
USDT,USDC,AEVO,USDCUSDT_INV,AEVOUSDC_INV,AEVOUSDT
USDT,USDC,EPIC,USDCUSDT_INV,EPICUSDC_INV,EPICUSDT
USDT,USDC,HBAR,USDCUSDT_INV,HBARUSDC_INV,HBARUSDT
USDT,USDC,SUI,USDCUSDT_INV,SUIUSDC_INV,SUIUSDT
USDT,USDC,NPC,USDCUSDT_INV,NPCUSDC_INV,NPCUSDT
USDT,USDC,NMR,USDCUSDT_INV,NMRUSDC_INV,NMRUSDT
USDT,USDC,1INCH,USDCUSDT_INV,1INCHUSDC_INV,1INCHUSDT
USDT,USDC,COTI,USDCUSDT_INV,COTIUSDC_INV,COTIUSDT
USDT,USDC,PEPE,USDCUSDT_INV,PEPEUSDC_INV,PEPEUSDT
USDT,USDC,DASH,USDCUSDT_INV,DASHUSDC_INV,DASHUSDT
USDT,USDC,LPT,USDCUSDT_INV,LPTUSDC_INV,LPTUSDT
USDT,USDC,LA,USDCUSDT_INV,LAUSDC_INV,LAUSDT
USDT,USDC,WCT,USDCUSDT_INV,WCTUSDC_INV,WCTUSDT
USDT,USDC,NOT,USDCUSDT_INV,NOTUSDC_INV,NOTUSDT
USDT,USDC,SKATE,USDCUSDT_INV,SKATEUSDC_INV,SKATEUSDT
USDT,USDC,MAGIC,USDCUSDT_INV,MAGICUSDC_INV,MAGICUSDT
USDT,USDC,SUSHI,USDCUSDT_INV,SUSHIUSDC_INV,SUSHIUSDT
USDT,USDC,KITE,USDCUSDT_INV,KITEUSDC_INV,KITEUSDT
USDT,USDC,TOWNS,USDCUSDT_INV,TOWNSUSDC_INV,TOWNSUSDT
USDT,USDC,CC,USDCUSDT_INV,CCUSDC_INV,CCUSDT
USDT,USDC,GALA,USDCUSDT_INV,GALAUSDC_INV,GALAUSDT
USDT,USDC,AGT,USDCUSDT_INV,AGTUSDC_INV,AGTUSDT
USDT,USDC,PEAQ,USDCUSDT_INV,PEAQUSDC_INV,PEAQUSDT
USDT,USDC,HYPE,USDCUSDT_INV,HYPEUSDC_INV,HYPEUSDT
USDT,USDC,SAPIEN,USDCUSDT_INV,SAPIENUSDC_INV,SAPIENUSDT
USDT,USDC,OPEN,USDCUSDT_INV,OPENUSDC_INV,OPENUSDT
USDT,USDC,TIA,USDCUSDT_INV,TIAUSDC_INV,TIAUSDT
USDT,USDC,DOOD,USDCUSDT_INV,DOODUSDC_INV,DOODUSDT
USDT,USDC,ILV,USDCUSDT_INV,ILVUSDC_INV,ILVUSDT
USDT,USDC,BOME,USDCUSDT_INV,BOMEUSDC_INV,BOMEUSDT
USDT,USDC,TNSR,USDCUSDT_INV,TNSRUSDC_INV,TNSRUSDT
USDT,USDC,SKY,USDCUSDT_INV,SKYUSDC_INV,SKYUSDT
USDT,USDC,BONK,USDCUSDT_INV,BONKUSDC_INV,BONKUSDT
USDT,USDC,IO,USDCUSDT_INV,IOUSDC_INV,IOUSDT
USDT,USDC,QUBIC,USDCUSDT_INV,QUBICUSDC_INV,QUBICUSDT
USDT,USDC,ASTER,USDCUSDT_INV,ASTERUSDC_INV,ASTERUSDT
USDT,USDC,PI,USDCUSDT_INV,PIUSDC_INV,PIUSDT
USDT,USDC,ALLO,USDCUSDT_INV,ALLOUSDC_INV,ALLOUSDT
USDT,USDC,XLM,USDCUSDT_INV,XLMUSDC_INV,XLMUSDT
USDT,USDC,ETHFI,USDCUSDT_INV,ETHFIUSDC_INV,ETHFIUSDT
USDT,USDC,SKL,USDCUSDT_INV,SKLUSDC_INV,SKLUSDT
USDT,USDC,FLOKI,USDCUSDT_INV,FLOKIUSDC_INV,FLOKIUSDT
USDT,USDC,CFX,USDCUSDT_INV,CFXUSDC_INV,CFXUSDT
USDT,USDC,USELESS,USDCUSDT_INV,USELESSUSDC_INV,USELESSUSDT
USDT,USDC,RUNE,USDCUSDT_INV,RUNEUSDC_INV,RUNEUSDT
USDT,USDC,TLM,USDCUSDT_INV,TLMUSDC_INV,TLMUSDT
USDT,USDC,PYTH,USDCUSDT_INV,PYTHUSDC_INV,PYTHUSDT
USDT,USDC,BOB,USDCUSDT_INV,BOBUSDC_INV,BOBUSDT
USDT,USDC,UMA,USDCUSDT_INV,UMAUSDC_INV,UMAUSDT
USDT,USDC,BERA,USDCUSDT_INV,BERAUSDC_INV,BERAUSDT
USDT,USDC,TRUMP,USDCUSDT_INV,TRUMPUSDC_INV,TRUMPUSDT
USDT,USDC,ROSE,USDCUSDT_INV,ROSEUSDC_INV,ROSEUSDT
USDT,USDC,FUN,USDCUSDT_INV,FUNUSDC_INV,FUNUSDT
USDT,USDC,TON,USDCUSDT_INV,TONUSDC_INV,TONUSDT
USDT,USDC,EDEN,USDCUSDT_INV,EDENUSDC_INV,EDENUSDT
USDT,USDC,EGLD,USDCUSDT_INV,EGLDUSDC_INV,EGLDUSDT
USDT,USDC,JTO,USDCUSDT_INV,JTOUSDC_INV,JTOUSDT
USDT,USDC,XTZ,USDCUSDT_INV,XTZUSDC_INV,XTZUSDT
USDT,USDC,ZEN,USDCUSDT_INV,ZENUSDC_INV,ZENUSDT
USDT,USDC,FARTCOIN,USDCUSDT_INV,FARTCOINUSDC_INV,FARTCOINUSDT
USDT,USDC,VANRY,USDCUSDT_INV,VANRYUSDC_INV,VANRYUSDT
USDT,USDC,KAS,USDCUSDT_INV,KASUSDC_INV,KASUSDT
USDT,USDC,LDO,USDCUSDT_INV,LDOUSDC_INV,LDOUSDT
USDT,USDC,THE,USDCUSDT_INV,THEUSDC_INV,THEUSDT
USDT,USDC,TST,USDCUSDT_INV,TSTUSDC_INV,TSTUSDT
USDT,USDC,W,USDCUSDT_INV,WUSDC_INV,WUSDT
USDT,USDC,AVNT,USDCUSDT_INV,AVNTUSDC_INV,AVNTUSDT
USDT,USDC,BANK,USDCUSDT_INV,BANKUSDC_INV,BANKUSDT
USDT,USDC,RIO,USDCUSDT_INV,RIOUSDC_INV,RIOUSDT
USDT,USDC,MOVE,USDCUSDT_INV,MOVEUSDC_INV,MOVEUSDT
USDT,USDC,ICP,USDCUSDT_INV,ICPUSDC_INV,ICPUSDT
USDT,USDC,PLUME,USDCUSDT_INV,PLUMEUSDC_INV,PLUMEUSDT
USDT,USDC,XAI,USDCUSDT_INV,XAIUSDC_INV,XAIUSDT
USDT,USDC,POL,USDCUSDT_INV,POLUSDC_INV,POLUSDT
USDT,USDC,ANIME,USDCUSDT_INV,ANIMEUSDC_INV,ANIMEUSDT
USDT,USDC,STRK,USDCUSDT_INV,STRKUSDC_INV,STRKUSDT
USDT,USDC,RARE,USDCUSDT_INV,RAREUSDC_INV,RAREUSDT
USDT,USDC,SYRUP,USDCUSDT_INV,SYRUPUSDC_INV,SYRUPUSDT
USDT,USDC,MUBARAK,USDCUSDT_INV,MUBARAKUSDC_INV,MUBARAKUSDT
USDT,USDC,SEI,USDCUSDT_INV,SEIUSDC_INV,SEIUSDT
USDT,USDC,MIRA,USDCUSDT_INV,MIRAUSDC_INV,MIRAUSDT
USDT,USDC,KEKIUS,USDCUSDT_INV,KEKIUSUSDC_INV,KEKIUSUSDT
USDT,USDC,NEO,USDCUSDT_INV,NEOUSDC_INV,NEOUSDT
USDT,USDC,ACH,USDCUSDT_INV,ACHUSDC_INV,ACHUSDT
USDT,USDC,ORCA,USDCUSDT_INV,ORCAUSDC_INV,ORCAUSDT
USDT,USDC,SPK,USDCUSDT_INV,SPKUSDC_INV,SPKUSDT
USDT,USDC,QTUM,USDCUSDT_INV,QTUMUSDC_INV,QTUMUSDT
USDT,USDC,ZKP,USDCUSDT_INV,ZKPUSDC_INV,ZKPUSDT
USDT,USDC,ZORA,USDCUSDT_INV,ZORAUSDC_INV,ZORAUSDT
USDT,USDC,FORM,USDCUSDT_INV,FORMUSDC_INV,FORMUSDT
USDT,USDC,NIGHT,USDCUSDT_INV,NIGHTUSDC_INV,NIGHTUSDT
USDT,USDC,WLFI,USDCUSDT_INV,WLFIUSDC_INV,WLFIUSDT
USDT,USDC,BROCCOLIF3B,USDCUSDT_INV,BROCCOLIF3BUSDC_INV,BROCCOLIF3BUSDT
USDT,USDC,PHA,USDCUSDT_INV,PHAUSDC_INV,PHAUSDT
USDT,USDC,LINK,USDCUSDT_INV,LINKUSDC_INV,LINKUSDT
USDT,USDC,BLESS,USDCUSDT_INV,BLESSUSDC_INV,BLESSUSDT
USDT,USDC,HYPER,USDCUSDT_INV,HYPERUSDC_INV,HYPERUSDT
USDT,USDC,WET,USDCUSDT_INV,WETUSDC_INV,WETUSDT
USDT,USDC,CYS,USDCUSDT_INV,CYSUSDC_INV,CYSUSDT
USDT,USDC,AIOT,USDCUSDT_INV,AIOTUSDC_INV,AIOTUSDT
USDT,USDC,MNT,USDCUSDT_INV,MNTUSDC_INV,MNTUSDT
USDT,USDC,DOT,USDCUSDT_INV,DOTUSDC_INV,DOTUSDT
USDT,USDC,DSYNC,USDCUSDT_INV,DSYNCUSDC_INV,DSYNCUSDT
USDT,USDC,TURBO,USDCUSDT_INV,TURBOUSDC_INV,TURBOUSDT
USDT,USDC,H,USDCUSDT_INV,HUSDC_INV,HUSDT
USDT,USDC,USUAL,USDCUSDT_INV,USUALUSDC_INV,USUALUSDT
USDT,USDC,MANTA,USDCUSDT_INV,MANTAUSDC_INV,MANTAUSDT
USDT,USDC,CETUS,USDCUSDT_INV,CETUSUSDC_INV,CETUSUSDT
USDT,USDC,LIGHT,USDCUSDT_INV,LIGHTUSDC_INV,LIGHTUSDT
USDT,USDC,RBNT,USDCUSDT_INV,RBNTUSDC_INV,RBNTUSDT
USDT,USDC,BTC,USDCUSDT_INV,BTCUSDC_INV,BTCUSDT
USDT,USDC,TWT,USDCUSDT_INV,TWTUSDC_INV,TWTUSDT
USDT,USDC,BKN,USDCUSDT_INV,BKNUSDC_INV,BKNUSDT
USDT,USDC,PUMP,USDCUSDT_INV,PUMPUSDC_INV,PUMPUSDT
USDT,USDC,COOKIE,USDCUSDT_INV,COOKIEUSDC_INV,COOKIEUSDT
USDT,USDC,APT,USDCUSDT_INV,APTUSDC_INV,APTUSDT
USDT,USDC,HUMA,USDCUSDT_INV,HUMAUSDC_INV,HUMAUSDT
USDT,USDC,ETC,USDCUSDT_INV,ETCUSDC_INV,ETCUSDT
USDT,USDC,OM,USDCUSDT_INV,OMUSDC_INV,OMUSDT
USDT,USDC,HIVE,USDCUSDT_INV,HIVEUSDC_INV,HIVEUSDT
USDT,USDC,PIPPIN,USDCUSDT_INV,PIPPINUSDC_INV,PIPPINUSDT
USDT,USDC,INIT,USDCUSDT_INV,INITUSDC_INV,INITUSDT
USDT,USDC,S,USDCUSDT_INV,SUSDC_INV,SUSDT
USDT,USDC,PNUT,USDCUSDT_INV,PNUTUSDC_INV,PNUTUSDT
USDT,USDC,QNT,USDCUSDT_INV,QNTUSDC_INV,QNTUSDT
USDT,USDC,LIT,USDCUSDT_INV,LITUSDC_INV,LITUSDT
USDT,USDC,NIL,USDCUSDT_INV,NILUSDC_INV,NILUSDT
USDT,USDC,ZKC,USDCUSDT_INV,ZKCUSDC_INV,ZKCUSDT
USDT,USDC,FHE,USDCUSDT_INV,FHEUSDC_INV,FHEUSDT
USDT,USDC,HOME,USDCUSDT_INV,HOMEUSDC_INV,HOMEUSDT
USDT,USDC,API3,USDCUSDT_INV,API3USDC_INV,API3USDT
USDT,USDC,DYDX,USDCUSDT_INV,DYDXUSDC_INV,DYDXUSDT
USDT,USDC,SPX,USDCUSDT_INV,SPXUSDC_INV,SPXUSDT
USDT,USDC,NXPC,USDCUSDT_INV,NXPCUSDC_INV,NXPCUSDT
USDT,USDC,CGPT,USDCUSDT_INV,CGPTUSDC_INV,CGPTUSDT
USDT,USDC,FF,USDCUSDT_INV,FFUSDC_INV,FFUSDT
USDT,USDC,BIGTIME,USDCUSDT_INV,BIGTIMEUSDC_INV,BIGTIMEUSDT
USDT,USDC,MORPHO,USDCUSDT_INV,MORPHOUSDC_INV,MORPHOUSDT
USDT,USDC,IOTA,USDCUSDT_INV,IOTAUSDC_INV,IOTAUSDT
USDT,USDC,TAO,USDCUSDT_INV,TAOUSDC_INV,TAOUSDT
USDT,USDC,BEAMX,USDCUSDT_INV,BEAMXUSDC_INV,BEAMXUSDT
USDT,USDC,XMR,USDCUSDT_INV,XMRUSDC_INV,XMRUSDT
USDT,USDC,PENDLE,USDCUSDT_INV,PENDLEUSDC_INV,PENDLEUSDT
USDT,USDC,VIRTUAL,USDCUSDT_INV,VIRTUALUSDC_INV,VIRTUALUSDT
USDT,USDC,USDF,USDCUSDT_INV,USDCUSDF,USDFUSDT
USDT,USDC,ORDI,USDCUSDT_INV,ORDIUSDC_INV,ORDIUSDT
USDT,USDC,AR,USDCUSDT_INV,ARUSDC_INV,ARUSDT
USDT,USDC,ZEC,USDCUSDT_INV,ZECUSDC_INV,ZECUSDT
USDT,USDC,WLD,USDCUSDT_INV,WLDUSDC_INV,WLDUSDT
USDT,USDC,BANANAS31,USDCUSDT_INV,BANANAS31USDC_INV,BANANAS31USDT
USDT,USDC,POPCAT,USDCUSDT_INV,POPCATUSDC_INV,POPCATUSDT
USDT,USDC,OMI,USDCUSDT_INV,OMIUSDC_INV,OMIUSDT
USDT,USDC,KILO,USDCUSDT_INV,KILOUSDC_INV,KILOUSDT
USDT,USDC,VET,USDCUSDT_INV,VETUSDC_INV,VETUSDT
USDT,USDC,SAND,USDCUSDT_INV,SANDUSDC_INV,SANDUSDT
USDT,USDC,MON,USDCUSDT_INV,MONUSDC_INV,MONUSDT
USDT,USDC,ULTIMA,USDCUSDT_INV,ULTIMAUSDC_INV,ULTIMAUSDT
USDT,USDC,GUN,USDCUSDT_INV,GUNUSDC_INV,GUNUSDT
USDT,USDC,BARD,USDCUSDT_INV,BARDUSDC_INV,BARDUSDT
USDT,USDC,LINGO,USDCUSDT_INV,LINGOUSDC_INV,LINGOUSDT
USDT,USDC,AIXBT,USDCUSDT_INV,AIXBTUSDC_INV,AIXBTUSDT
USDT,USDC,GIGGLE,USDCUSDT_INV,GIGGLEUSDC_INV,GIGGLEUSDT
USDT,USDC,CAKE,USDCUSDT_INV,CAKEUSDC_INV,CAKEUSDT
USDT,USDC,PEOPLE,USDCUSDT_INV,PEOPLEUSDC_INV,PEOPLEUSDT
USDT,USDC,EIGEN,USDCUSDT_INV,EIGENUSDC_INV,EIGENUSDT
USDT,USDC,NAKA,USDCUSDT_INV,NAKAUSDC_INV,NAKAUSDT
USDT,USDC,BB,USDCUSDT_INV,BBUSDC_INV,BBUSDT
USDT,USDC,RVN,USDCUSDT_INV,RVNUSDC_INV,RVNUSDT
USDT,USDC,ZRO,USDCUSDT_INV,ZROUSDC_INV,ZROUSDT
USDT,USDC,INJ,USDCUSDT_INV,INJUSDC_INV,INJUSDT
USDT,USDC,FET,USDCUSDT_INV,FETUSDC_INV,FETUSDT
USDT,USDC,CRV,USDCUSDT_INV,CRVUSDC_INV,CRVUSDT
USDT,USDC,RSR,USDCUSDT_INV,RSRUSDC_INV,RSRUSDT
USDT,USDC,SNX,USDCUSDT_INV,SNXUSDC_INV,SNXUSDT
USDT,USDC,HOLO,USDCUSDT_INV,HOLOUSDC_INV,HOLOUSDT
USDT,USDC,WAL,USDCUSDT_INV,WALUSDC_INV,WALUSDT
USDT,USDC,MYX,USDCUSDT_INV,MYXUSDC_INV,MYXUSDT
USDT,USDC,SXT,USDCUSDT_INV,SXTUSDC_INV,SXTUSDT
USDT,USDC,AXS,USDCUSDT_INV,AXSUSDC_INV,AXSUSDT
USDT,USDC,NEWT,USDCUSDT_INV,NEWTUSDC_INV,NEWTUSDT
USDT,USDC,BABY,USDCUSDT_INV,BABYUSDC_INV,BABYUSDT
USDT,USDC,GRT,USDCUSDT_INV,GRTUSDC_INV,GRTUSDT
USDT,USDC,KAITO,USDCUSDT_INV,KAITOUSDC_INV,KAITOUSDT
USDT,USDC,BRL,USDCUSDT_INV,USDCBRL,BRLUSDT
USDT,USDC,MAV,USDCUSDT_INV,MAVUSDC_INV,MAVUSDT
USDT,USDC,FLUX,USDCUSDT_INV,FLUXUSDC_INV,FLUXUSDT
USDT,USDC,MASK,USDCUSDT_INV,MASKUSDC_INV,MASKUSDT
USDT,USDC,DOLO,USDCUSDT_INV,DOLOUSDC_INV,DOLOUSDT
USDT,USDC,MET,USDCUSDT_INV,METUSDC_INV,METUSDT
USDT,USDC,BLUR,USDCUSDT_INV,BLURUSDC_INV,BLURUSDT
USDT,USDC,PENGU,USDCUSDT_INV,PENGUUSDC_INV,PENGUUSDT
USDT,USDC,TREE,USDCUSDT_INV,TREEUSDC_INV,TREEUSDT
USDT,USDC,PARTI,USDCUSDT_INV,PARTIUSDC_INV,PARTIUSDT
USDT,USDC,IDEX,USDCUSDT_INV,IDEXUSDC_INV,IDEXUSDT
USDT,USDC,RENDER,USDCUSDT_INV,RENDERUSDC_INV,RENDERUSDT
USDT,USDC,ALCH,USDCUSDT_INV,ALCHUSDC_INV,ALCHUSDT
USDT,USDC,WIF,USDCUSDT_INV,WIFUSDC_INV,WIFUSDT
USDT,USDC,JUP,USDCUSDT_INV,JUPUSDC_INV,JUPUSDT
USDT,USDC,HEMI,USDCUSDT_INV,HEMIUSDC_INV,HEMIUSDT
USDT,USDC,A,USDCUSDT_INV,AUSDC_INV,AUSDT
USDT,USDC,ARB,USDCUSDT_INV,ARBUSDC_INV,ARBUSDT
USDT,USDC,CGN,USDCUSDT_INV,CGNUSDC_INV,CGNUSDT
USDT,USDC,DOGS,USDCUSDT_INV,DOGSUSDC_INV,DOGSUSDT
USDT,USDC,PIXEL,USDCUSDT_INV,PIXELUSDC_INV,PIXELUSDT
USDT,USDC,ZBT,USDCUSDT_INV,ZBTUSDC_INV,ZBTUSDT
USDT,USDC,MELANIA,USDCUSDT_INV,MELANIAUSDC_INV,MELANIAUSDT
USDT,USDC,STABLE,USDCUSDT_INV,STABLEUSDC_INV,STABLEUSDT
USDT,USDC,XDC,USDCUSDT_INV,XDCUSDC_INV,XDCUSDT
USDT,USDC,ZK,USDCUSDT_INV,ZKUSDC_INV,ZKUSDT
USDT,USDC,SAHARA,USDCUSDT_INV,SAHARAUSDC_INV,SAHARAUSDT
USDT,USDC,ACT,USDCUSDT_INV,ACTUSDC_INV,ACTUSDT
USDT,USDC,IP,USDCUSDT_INV,IPUSDC_INV,IPUSDT
USDT,USDC,SOMI,USDCUSDT_INV,SOMIUSDC_INV,SOMIUSDT
USDT,USDC,STO,USDCUSDT_INV,STOUSDC_INV,STOUSDT
USDT,USDC,MEME,USDCUSDT_INV,MEMEUSDC_INV,MEMEUSDT
USDT,USDC,BMT,USDCUSDT_INV,BMTUSDC_INV,BMTUSDT
USDT,USDC,0G,USDCUSDT_INV,0GUSDC_INV,0GUSDT
USDT,USDC,GAIB,USDCUSDT_INV,GAIBUSDC_INV,GAIBUSDT
USDT,USDC,BANANA,USDCUSDT_INV,BANANAUSDC_INV,BANANAUSDT
USDT,USDC,REZ,USDCUSDT_INV,REZUSDC_INV,REZUSDT
USDT,USDC,MMT,USDCUSDT_INV,MMTUSDC_INV,MMTUSDT
USDT,USDC,EUR,USDCUSDT_INV,USDCEUR,EURUSDT
USDT,USDC,SUPRA,USDCUSDT_INV,SUPRAUSDC_INV,SUPRAUSDT
USDT,USDC,ONDO,USDCUSDT_INV,ONDOUSDC_INV,ONDOUSDT
USDT,USDC,LINEA,USDCUSDT_INV,LINEAUSDC_INV,LINEAUSDT
USDT,USDC,AT,USDCUSDT_INV,ATUSDC_INV,ATUSDT
USDT,USDC,CVX,USDCUSDT_INV,CVXUSDC_INV,CVXUSDT
USDT,USDC,SAGA,USDCUSDT_INV,SAGAUSDC_INV,SAGAUSDT
USDT,USDC,GRIFFAIN,USDCUSDT_INV,GRIFFAINUSDC_INV,GRIFFAINUSDT
USDT,USDC,YGG,USDCUSDT_INV,YGGUSDC_INV,YGGUSDT
USDT,USDC,PROVE,USDCUSDT_INV,PROVEUSDC_INV,PROVEUSDT
USDT,USDC,KERNEL,USDCUSDT_INV,KERNELUSDC_INV,KERNELUSDT
USDT,USDC,HMSTR,USDCUSDT_INV,HMSTRUSDC_INV,HMSTRUSDT
USDT,USDC,IMX,USDCUSDT_INV,IMXUSDC_INV,IMXUSDT
USDT,USDC,ERA,USDCUSDT_INV,ERAUSDC_INV,ERAUSDT
USDT,USDC,XCN,USDCUSDT_INV,XCNUSDC_INV,XCNUSDT
USDT,USDC,CYBER,USDCUSDT_INV,CYBERUSDC_INV,CYBERUSDT
USDT,USDC,STX,USDCUSDT_INV,STXUSDC_INV,STXUSDT
USDT,USDC,COMP,USDCUSDT_INV,COMPUSDC_INV,COMPUSDT
USDT,USDC,CKB,USDCUSDT_INV,CKBUSDC_INV,CKBUSDT
USDT,USDC,ENA,USDCUSDT_INV,ENAUSDC_INV,ENAUSDT
USDT,USDC,ZBCN,USDCUSDT_INV,ZBCNUSDC_INV,ZBCNUSDT
USDT,USDC,GMX,USDCUSDT_INV,GMXUSDC_INV,GMXUSDT
USDT,USDC,KMNO,USDCUSDT_INV,KMNOUSDC_INV,KMNOUSDT
USDT,USDC,BABYDOGE,USDCUSDT_INV,BABYDOGEUSDC_INV,BABYDOGEUSDT
USDT,USDC,RED,USDCUSDT_INV,REDUSDC_INV,REDUSDT
USDT,USDC,ARKM,USDCUSDT_INV,ARKMUSDC_INV,ARKMUSDT
USDT,USDC,ENJ,USDCUSDT_INV,ENJUSDC_INV,ENJUSDT
USDT,USDC,SIGN,USDCUSDT_INV,SIGNUSDC_INV,SIGNUSDT
USDT,USDC,CHZ,USDCUSDT_INV,CHZUSDC_INV,CHZUSDT
USDT,USDC,C,USDCUSDT_INV,CUSDC_INV,CUSDT
USDT,USDC,YB,USDCUSDT_INV,YBUSDC_INV,YBUSDT
USDT,USDC,JELLYJELLY,USDCUSDT_INV,JELLYJELLYUSDC_INV,JELLYJELLYUSDT
USDT,USDC,BIO,USDCUSDT_INV,BIOUSDC_INV,BIOUSDT
USDT,USDC,XVG,USDCUSDT_INV,XVGUSDC_INV,XVGUSDT
USDT,USDC,VELODROME,USDCUSDT_INV,VELODROMEUSDC_INV,VELODROMEUSDT
USDT,SKL,USDC,SKLUSDT_INV,SKLUSDC,USDCUSDT
USDT,SAGA,USDC,SAGAUSDT_INV,SAGAUSDC,USDCUSDT
USDT,JTO,USDC,JTOUSDT_INV,JTOUSDC,USDCUSDT
USDT,OMI,USDC,OMIUSDT_INV,OMIUSDC,USDCUSDT
USDT,SUPRA,USDC,SUPRAUSDT_INV,SUPRAUSDC,USDCUSDT
USDT,CKB,USDC,CKBUSDT_INV,CKBUSDC,USDCUSDT
USDT,KAITO,USDC,KAITOUSDT_INV,KAITOUSDC,USDCUSDT
USDT,API3,USDC,API3USDT_INV,API3USDC,USDCUSDT
USDT,GMX,USDC,GMXUSDT_INV,GMXUSDC,USDCUSDT
USDT,PNUT,USDC,PNUTUSDT_INV,PNUTUSDC,USDCUSDT
USDT,MANTA,USDC,MANTAUSDT_INV,MANTAUSDC,USDCUSDT
USDT,CHESS,USDC,CHESSUSDT_INV,CHESSUSDC,USDCUSDT
USDT,PIXEL,USDC,PIXELUSDT_INV,PIXELUSDC,USDCUSDT
USDT,MORPHO,USDC,MORPHOUSDT_INV,MORPHOUSDC,USDCUSDT
USDT,HMSTR,USDC,HMSTRUSDT_INV,HMSTRUSDC,USDCUSDT
USDT,WCT,USDC,WCTUSDT_INV,WCTUSDC,USDCUSDT
USDT,BOB,USDC,BOBUSDT_INV,BOBUSDC,USDCUSDT
USDT,STX,USDC,STXUSDT_INV,STXUSDC,USDCUSDT
USDT,UMA,USDC,UMAUSDT_INV,UMAUSDC,USDCUSDT
USDT,MASK,USDC,MASKUSDT_INV,MASKUSDC,USDCUSDT
USDT,BLESS,USDC,BLESSUSDT_INV,BLESSUSDC,USDCUSDT
USDT,MUBARAK,USDC,MUBARAKUSDT_INV,MUBARAKUSDC,USDCUSDT
USDT,PLUME,USDC,PLUMEUSDT_INV,PLUMEUSDC,USDCUSDT
USDT,NPC,USDC,NPCUSDT_INV,NPCUSDC,USDCUSDT
USDT,IP,ETH,IPUSDT_INV,IPETH,ETHUSDT
USDT,IP,USDC,IPUSDT_INV,IPUSDC,USDCUSDT
USDT,IP,BTC,IPUSDT_INV,IPBTC,BTCUSDT
USDT,PHA,USDC,PHAUSDT_INV,PHAUSDC,USDCUSDT
USDT,BONK,USDC,BONKUSDT_INV,BONKUSDC,USDCUSDT
USDT,MEME,USDC,MEMEUSDT_INV,MEMEUSDC,USDCUSDT
USDT,DOGS,USDC,DOGSUSDT_INV,DOGSUSDC,USDCUSDT
USDT,BEAMX,USDC,BEAMXUSDT_INV,BEAMXUSDC,USDCUSDT
USDT,ANKR,BTC,ANKRUSDT_INV,ANKRBTC,BTCUSDT
USDT,AR,USDC,ARUSDT_INV,ARUSDC,USDCUSDT
USDT,AR,ETH,ARUSDT_INV,ARETH,ETHUSDT
USDT,SUI,USDE,SUIUSDT_INV,SUIUSDE,USDEUSDT
USDT,SUI,USDC,SUIUSDT_INV,SUIUSDC,USDCUSDT
USDT,SUI,EUR,SUIUSDT_INV,SUIEUR,EURUSDT
USDT,DOT,BTC,DOTUSDT_INV,DOTBTC,BTCUSDT
USDT,DOT,USDC,DOTUSDT_INV,DOTUSDC,USDCUSDT
USDT,KILO,USDC,KILOUSDT_INV,KILOUSDC,USDCUSDT
USDT,BRL,MX,BRLUSDT_INV,MXBRL_INV,MXUSDT
USDT,BRL,BTC,BRLUSDT_INV,BTCBRL_INV,BTCUSDT
USDT,BRL,USDC,BRLUSDT_INV,USDCBRL_INV,USDCUSDT
USDT,BRL,VINE,BRLUSDT_INV,VINEBRL_INV,VINEUSDT
USDT,BRL,XRP,BRLUSDT_INV,XRPBRL_INV,XRPUSDT
USDT,BRL,SOL,BRLUSDT_INV,SOLBRL_INV,SOLUSDT
USDT,BRL,ETH,BRLUSDT_INV,ETHBRL_INV,ETHUSDT
USDT,LINEA,USDC,LINEAUSDT_INV,LINEAUSDC,USDCUSDT
USDT,CVX,USDC,CVXUSDT_INV,CVXUSDC,USDCUSDT
USDT,FLUX,USDC,FLUXUSDT_INV,FLUXUSDC,USDCUSDT
USDT,ALLO,USDC,ALLOUSDT_INV,ALLOUSDC,USDCUSDT
USDT,NIGHT,USDC,NIGHTUSDT_INV,NIGHTUSDC,USDCUSDT
USDT,REZ,USDC,REZUSDT_INV,REZUSDC,USDCUSDT
USDT,ZORA,USDC,ZORAUSDT_INV,ZORAUSDC,USDCUSDT
USDT,BDX,BTC,BDXUSDT_INV,BDXBTC,BTCUSDT
USDT,GRIFFAIN,USDC,GRIFFAINUSDT_INV,GRIFFAINUSDC,USDCUSDT
USDT,ZEN,USDC,ZENUSDT_INV,ZENUSDC,USDCUSDT
USDT,USDE,PEPE,USDEUSDT_INV,PEPEUSDE_INV,PEPEUSDT
USDT,USDE,PI,USDEUSDT_INV,PIUSDE_INV,PIUSDT
USDT,USDE,ETH,USDEUSDT_INV,ETHUSDE_INV,ETHUSDT
USDT,USDE,DOGE,USDEUSDT_INV,DOGEUSDE_INV,DOGEUSDT
USDT,USDE,ENA,USDEUSDT_INV,ENAUSDE_INV,ENAUSDT
USDT,USDE,SUI,USDEUSDT_INV,SUIUSDE_INV,SUIUSDT
USDT,USDE,SOL,USDEUSDT_INV,SOLUSDE_INV,SOLUSDT
USDT,USDE,KAS,USDEUSDT_INV,KASUSDE_INV,KASUSDT
USDT,USDE,ETHFI,USDEUSDT_INV,ETHFIUSDE_INV,ETHFIUSDT
USDT,USDE,XRP,USDEUSDT_INV,XRPUSDE_INV,XRPUSDT
USDT,USDE,TRX,USDEUSDT_INV,TRXUSDE_INV,TRXUSDT
USDT,USDE,BTC,USDEUSDT_INV,BTCUSDE_INV,BTCUSDT
USDT,USDE,ULTIMA,USDEUSDT_INV,ULTIMAUSDE_INV,ULTIMAUSDT
USDT,HYPE,USDC,HYPEUSDT_INV,HYPEUSDC,USDCUSDT
USDT,LIGHT,USDC,LIGHTUSDT_INV,LIGHTUSDC,USDCUSDT
USDT,JUP,USDC,JUPUSDT_INV,JUPUSDC,USDCUSDT
USDT,XMR,USDC,XMRUSDT_INV,XMRUSDC,USDCUSDT
USDT,ONDO,USDC,ONDOUSDT_INV,ONDOUSDC,USDCUSDT
USDT,KERNEL,USDC,KERNELUSDT_INV,KERNELUSDC,USDCUSDT
USDT,INJ,USDC,INJUSDT_INV,INJUSDC,USDCUSDT
USDT,TON,EUR,TONUSDT_INV,TONEUR,EURUSDT
USDT,TON,USDC,TONUSDT_INV,TONUSDC,USDCUSDT
USDT,TRX,USDE,TRXUSDT_INV,TRXUSDE,USDEUSDT
USDT,TRX,BTC,TRXUSDT_INV,TRXBTC,BTCUSDT
USDT,GAIB,USDC,GAIBUSDT_INV,GAIBUSDC,USDCUSDT
USDT,WLD,USDC,WLDUSDT_INV,WLDUSDC,USDCUSDT
USDT,MIRA,USDC,MIRAUSDT_INV,MIRAUSDC,USDCUSDT
USDT,HEMI,USDC,HEMIUSDT_INV,HEMIUSDC,USDCUSDT
USDT,YGG,USDC,YGGUSDT_INV,YGGUSDC,USDCUSDT
USDT,ZKP,USDC,ZKPUSDT_INV,ZKPUSDC,USDCUSDT
USDT,FLOKI,USDC,FLOKIUSDT_INV,FLOKIUSDC,USDCUSDT
USDT,DSYNC,USDC,DSYNCUSDT_INV,DSYNCUSDC,USDCUSDT
USDT,XDC,USDC,XDCUSDT_INV,XDCUSDC,USDCUSDT
USDT,MELANIA,USDC,MELANIAUSDT_INV,MELANIAUSDC,USDCUSDT
USDT,MELANIA,EUR,MELANIAUSDT_INV,MELANIAEUR,EURUSDT
USDT,MELANIA,USD1,MELANIAUSDT_INV,MELANIAUSD1,USD1USDT
USDT,ADA,EUR,ADAUSDT_INV,ADAEUR,EURUSDT
USDT,AT,USDC,ATUSDT_INV,ATUSDC,USDCUSDT
USDT,GALA,USDC,GALAUSDT_INV,GALAUSDC,USDCUSDT
USDT,IO,USDC,IOUSDT_INV,IOUSDC,USDCUSDT
USDT,NAKA,USDC,NAKAUSDT_INV,NAKAUSDC,USDCUSDT
USDT,OXT,ETH,OXTUSDT_INV,OXTETH,ETHUSDT
USDT,ENA,USDC,ENAUSDT_INV,ENAUSDC,USDCUSDT
USDT,ENA,USDE,ENAUSDT_INV,ENAUSDE,USDEUSDT
USDT,GUN,USDC,GUNUSDT_INV,GUNUSDC,USDCUSDT
USDT,AVNT,USDC,AVNTUSDT_INV,AVNTUSDC,USDCUSDT
USDT,ORDI,USDC,ORDIUSDT_INV,ORDIUSDC,USDCUSDT
USDT,H,USDC,HUSDT_INV,HUSDC,USDCUSDT
USDT,ICP,USDC,ICPUSDT_INV,ICPUSDC,USDCUSDT
USDT,BLUR,USDC,BLURUSDT_INV,BLURUSDC,USDCUSDT
USDT,W,USDC,WUSDT_INV,WUSDC,USDCUSDT
USDT,WET,USDC,WETUSDT_INV,WETUSDC,USDCUSDT
USDT,AGT,USDC,AGTUSDT_INV,AGTUSDC,USDCUSDT
USDT,SAPIEN,USDC,SAPIENUSDT_INV,SAPIENUSDC,USDCUSDT
USDT,DOLO,USDC,DOLOUSDT_INV,DOLOUSDC,USDCUSDT
USDT,FF,USDF,FFUSDT_INV,FFUSDF,USDFUSDT
USDT,FF,USDC,FFUSDT_INV,FFUSDC,USDCUSDT
USDT,BABY,USDC,BABYUSDT_INV,BABYUSDC,USDCUSDT
USDT,S,USDC,SUSDT_INV,SUSDC,USDCUSDT
USDT,RBNT,USDC,RBNTUSDT_INV,RBNTUSDC,USDCUSDT
USDT,ASTER,USDC,ASTERUSDT_INV,ASTERUSDC,USDCUSDT
USDT,WAL,USDC,WALUSDT_INV,WALUSDC,USDCUSDT
USDT,EIGEN,USDC,EIGENUSDT_INV,EIGENUSDC,USDCUSDT
USDT,WIF,USDC,WIFUSDT_INV,WIFUSDC,USDCUSDT
USDT,WIF,EUR,WIFUSDT_INV,WIFEUR,EURUSDT
USDT,XTZ,USDC,XTZUSDT_INV,XTZUSDC,USDCUSDT
USDT,SPX,USDC,SPXUSDT_INV,SPXUSDC,USDCUSDT
USDT,TURBO,USDC,TURBOUSDT_INV,TURBOUSDC,USDCUSDT
USDT,RED,USDC,REDUSDT_INV,REDUSDC,USDCUSDT
USDT,INIT,USDC,INITUSDT_INV,INITUSDC,USDCUSDT
USDT,PROVE,USDC,PROVEUSDT_INV,PROVEUSDC,USDCUSDT
USDT,YB,USDC,YBUSDT_INV,YBUSDC,USDCUSDT
USDT,SOMI,USDC,SOMIUSDT_INV,SOMIUSDC,USDCUSDT
USDT,ACT,USDC,ACTUSDT_INV,ACTUSDC,USDCUSDT
USDT,GIGGLE,USDC,GIGGLEUSDT_INV,GIGGLEUSDC,USDCUSDT
USDT,TST,USDC,TSTUSDT_INV,TSTUSDC,USDCUSDT
USDT,USELESS,USDC,USELESSUSDT_INV,USELESSUSDC,USDCUSDT
USDT,LA,USD1,LAUSDT_INV,LAUSD1,USD1USDT
USDT,LA,USDC,LAUSDT_INV,LAUSDC,USDCUSDT
USDT,FUN,USDC,FUNUSDT_INV,FUNUSDC,USDCUSDT
USDT,ENJ,USDC,ENJUSDT_INV,ENJUSDC,USDCUSDT
USDT,STRK,USDC,STRKUSDT_INV,STRKUSDC,USDCUSDT
USDT,VIRTUAL,USDC,VIRTUALUSDT_INV,VIRTUALUSDC,USDCUSDT
USDT,IOTA,USDC,IOTAUSDT_INV,IOTAUSDC,USDCUSDT
USDT,LDO,USDC,LDOUSDT_INV,LDOUSDC,USDCUSDT
USDT,RVN,USDC,RVNUSDT_INV,RVNUSDC,USDCUSDT
USDT,HBAR,USDC,HBARUSDT_INV,HBARUSDC,USDCUSDT
USDT,WLFI,USD1,WLFIUSDT_INV,WLFIUSD1,USD1USDT
USDT,WLFI,USDC,WLFIUSDT_INV,WLFIUSDC,USDCUSDT
USDT,ZBT,USDC,ZBTUSDT_INV,ZBTUSDC,USDCUSDT
USDT,XCN,USDC,XCNUSDT_INV,XCNUSDC,USDCUSDT
USDT,KAS,USDE,KASUSDT_INV,KASUSDE,USDEUSDT
USDT,KAS,USDC,KASUSDT_INV,KASUSDC,USDCUSDT
USDT,KAS,EUR,KASUSDT_INV,KASEUR,EURUSDT
USDT,KAS,USD1,KASUSDT_INV,KASUSD1,USD1USDT
USDT,MET,USDC,METUSDT_INV,METUSDC,USDCUSDT
USDT,LINGO,USDC,LINGOUSDT_INV,LINGOUSDC,USDCUSDT
USDT,BANK,USD1,BANKUSDT_INV,BANKUSD1,USD1USDT
USDT,BANK,USDC,BANKUSDT_INV,BANKUSDC,USDCUSDT
USDT,PI,EUR,PIUSDT_INV,PIEUR,EURUSDT
USDT,PI,USD1,PIUSDT_INV,PIUSD1,USD1USDT
USDT,PI,USDE,PIUSDT_INV,PIUSDE,USDEUSDT
USDT,PI,USDC,PIUSDT_INV,PIUSDC,USDCUSDT
USDT,ZKC,USDC,ZKCUSDT_INV,ZKCUSDC,USDCUSDT
USDT,PARTI,USDC,PARTIUSDT_INV,PARTIUSDC,USDCUSDT
USDT,LINK,ETH,LINKUSDT_INV,LINKETH,ETHUSDT
USDT,LINK,USDC,LINKUSDT_INV,LINKUSDC,USDCUSDT
USDT,LINK,EUR,LINKUSDT_INV,LINKEUR,EURUSDT
USDT,BANANAS31,USDC,BANANAS31USDT_INV,BANANAS31USDC,USDCUSDT
USDT,BKN,USDC,BKNUSDT_INV,BKNUSDC,USDCUSDT
USDT,EGLD,USDC,EGLDUSDT_INV,EGLDUSDC,USDCUSDT
USDT,SAHARA,USD1,SAHARAUSDT_INV,SAHARAUSD1,USD1USDT
USDT,SAHARA,USDC,SAHARAUSDT_INV,SAHARAUSDC,USDCUSDT
USDT,BMT,USDC,BMTUSDT_INV,BMTUSDC,USDCUSDT
USDT,PIPPIN,USDC,PIPPINUSDT_INV,PIPPINUSDC,USDCUSDT
USDT,POPCAT,USDC,POPCATUSDT_INV,POPCATUSDC,USDCUSDT
USDT,BCH,BTC,BCHUSDT_INV,BCHBTC,BTCUSDT
USDT,SYRUP,USDC,SYRUPUSDT_INV,SYRUPUSDC,USDCUSDT
USDT,CETUS,USDC,CETUSUSDT_INV,CETUSUSDC,USDCUSDT
USDT,1INCH,USDC,1INCHUSDT_INV,1INCHUSDC,USDCUSDT
USDT,NMR,ETH,NMRUSDT_INV,NMRETH,ETHUSDT
USDT,NMR,USDC,NMRUSDT_INV,NMRUSDC,USDCUSDT
USDT,COMP,USDC,COMPUSDT_INV,COMPUSDC,USDCUSDT
USDT,BOME,USDC,BOMEUSDT_INV,BOMEUSDC,USDCUSDT
USDT,FET,USDC,FETUSDT_INV,FETUSDC,USDCUSDT
USDT,NEWT,USDC,NEWTUSDT_INV,NEWTUSDC,USDCUSDT
USDT,TIA,USDC,TIAUSDT_INV,TIAUSDC,USDCUSDT
USDT,SKY,USDC,SKYUSDT_INV,SKYUSDC,USDCUSDT
USDT,FHE,USDC,FHEUSDT_INV,FHEUSDC,USDCUSDT
USDT,MNT,USDC,MNTUSDT_INV,MNTUSDC,USDCUSDT
USDT,TNSR,USDC,TNSRUSDT_INV,TNSRUSDC,USDCUSDT
USDT,DEXE,BTC,DEXEUSDT_INV,DEXEBTC,BTCUSDT
USDT,ZEC,USDC,ZECUSDT_INV,ZECUSDC,USDCUSDT
USDT,RSR,ETH,RSRUSDT_INV,RSRETH,ETHUSDT
USDT,RSR,USDC,RSRUSDT_INV,RSRUSDC,USDCUSDT
USDT,PEOPLE,USDC,PEOPLEUSDT_INV,PEOPLEUSDC,USDCUSDT
USDT,A,USDC,AUSDT_INV,AUSDC,USDCUSDT
USDT,A,BTC,AUSDT_INV,ABTC,BTCUSDT
USDT,CRV,ETH,CRVUSDT_INV,CRVETH,ETHUSDT
USDT,CRV,USDC,CRVUSDT_INV,CRVUSDC,USDCUSDT
USDT,CYS,USDC,CYSUSDT_INV,CYSUSDC,USDCUSDT
USDT,LIT,USDC,LITUSDT_INV,LITUSDC,USDCUSDT
USDT,BIO,USDC,BIOUSDT_INV,BIOUSDC,USDCUSDT
USDT,FORM,USDC,FORMUSDT_INV,FORMUSDC,USDCUSDT
USDT,USUAL,USDC,USUALUSDT_INV,USUALUSDC,USDCUSDT
USDT,XVG,USDC,XVGUSDT_INV,XVGUSDC,USDCUSDT
USDT,TREE,USDC,TREEUSDT_INV,TREEUSDC,USDCUSDT
USDT,STO,USDC,STOUSDT_INV,STOUSDC,USDCUSDT
USDT,STABLE,USDC,STABLEUSDT_INV,STABLEUSDC,USDCUSDT
USDT,SOL,USDE,SOLUSDT_INV,SOLUSDE,USDEUSDT
USDT,SOL,USD1,SOLUSDT_INV,SOLUSD1,USD1USDT
USDT,SOL,BTC,SOLUSDT_INV,SOLBTC,BTCUSDT
USDT,SOL,EUR,SOLUSDT_INV,SOLEUR,EURUSDT
USDT,SOL,BRL,SOLUSDT_INV,SOLBRL,BRLUSDT
USDT,CC,USDC,CCUSDT_INV,CCUSDC,USDCUSDT
USDT,NOT,USDC,NOTUSDT_INV,NOTUSDC,USDCUSDT
USDT,KEKIUS,USDC,KEKIUSUSDT_INV,KEKIUSUSDC,USDCUSDT
USDT,SIGN,USDC,SIGNUSDT_INV,SIGNUSDC,USDCUSDT
USDT,CGN,USDC,CGNUSDT_INV,CGNUSDC,USDCUSDT
USDT,AVAX,EUR,AVAXUSDT_INV,AVAXEUR,EURUSDT
USDT,OPEN,USDC,OPENUSDT_INV,OPENUSDC,USDCUSDT
USDT,KITE,USDC,KITEUSDT_INV,KITEUSDC,USDCUSDT
USDT,AXS,USDC,AXSUSDT_INV,AXSUSDC,USDCUSDT
USDT,CAKE,USDC,CAKEUSDT_INV,CAKEUSDC,USDCUSDT
USDT,QUBIC,USDC,QUBICUSDT_INV,QUBICUSDC,USDCUSDT
USDT,FARTCOIN,USDC,FARTCOINUSDT_INV,FARTCOINUSDC,USDCUSDT
USDT,EUR,ULTIMA,EURUSDT_INV,ULTIMAEUR_INV,ULTIMAUSDT
USDT,EUR,USDC,EURUSDT_INV,USDCEUR_INV,USDCUSDT
USDT,EUR,SOL,EURUSDT_INV,SOLEUR_INV,SOLUSDT
USDT,EUR,DOGE,EURUSDT_INV,DOGEEUR_INV,DOGEUSDT
USDT,EUR,KAS,EURUSDT_INV,KASEUR_INV,KASUSDT
USDT,EUR,SHIB,EURUSDT_INV,SHIBEUR_INV,SHIBUSDT
USDT,EUR,LTC,EURUSDT_INV,LTCEUR_INV,LTCUSDT
USDT,EUR,PEPE,EURUSDT_INV,PEPEEUR_INV,PEPEUSDT
USDT,EUR,PI,EURUSDT_INV,PIEUR_INV,PIUSDT
USDT,EUR,SUI,EURUSDT_INV,SUIEUR_INV,SUIUSDT
USDT,EUR,TRUMP,EURUSDT_INV,TRUMPEUR_INV,TRUMPUSDT
USDT,EUR,MX,EURUSDT_INV,MXEUR_INV,MXUSDT
USDT,EUR,WIF,EURUSDT_INV,WIFEUR_INV,WIFUSDT
USDT,EUR,RIO,EURUSDT_INV,RIOEUR_INV,RIOUSDT
USDT,EUR,ADA,EURUSDT_INV,ADAEUR_INV,ADAUSDT
USDT,EUR,BTC,EURUSDT_INV,BTCEUR_INV,BTCUSDT
USDT,EUR,TON,EURUSDT_INV,TONEUR_INV,TONUSDT
USDT,EUR,LINK,EURUSDT_INV,LINKEUR_INV,LINKUSDT
USDT,EUR,MELANIA,EURUSDT_INV,MELANIAEUR_INV,MELANIAUSDT
USDT,EUR,XRP,EURUSDT_INV,XRPEUR_INV,XRPUSDT
USDT,EUR,AVAX,EURUSDT_INV,AVAXEUR_INV,AVAXUSDT
USDT,EUR,ETH,EURUSDT_INV,ETHEUR_INV,ETHUSDT
USDT,EUR,TAO,EURUSDT_INV,TAOEUR_INV,TAOUSDT
USDT,SEI,USDC,SEIUSDT_INV,SEIUSDC,USDCUSDT
USDT,MAGIC,USDC,MAGICUSDT_INV,MAGICUSDC,USDCUSDT
USDT,RUNE,USDC,RUNEUSDT_INV,RUNEUSDC,USDCUSDT
USDT,VANRY,USDC,VANRYUSDT_INV,VANRYUSDC,USDCUSDT
USDT,RARE,USDC,RAREUSDT_INV,RAREUSDC,USDCUSDT
USDT,TWT,USDC,TWTUSDT_INV,TWTUSDC,USDCUSDT
USDT,PENGU,USDC,PENGUUSDT_INV,PENGUUSDC,USDCUSDT
USDT,QTUM,BTC,QTUMUSDT_INV,QTUMBTC,BTCUSDT
USDT,QTUM,USDC,QTUMUSDT_INV,QTUMUSDC,USDCUSDT
USDT,C,USDC,CUSDT_INV,CUSDC,USDCUSDT
USDT,XPL,USDC,XPLUSDT_INV,XPLUSDC,USDCUSDT
USDT,B,USD1,BUSDT_INV,BUSD1,USD1USDT
USDT,ATOM,BTC,ATOMUSDT_INV,ATOMBTC,BTCUSDT
USDT,PYTH,USDC,PYTHUSDT_INV,PYTHUSDC,USDCUSDT
USDT,CGPT,USDC,CGPTUSDT_INV,CGPTUSDC,USDCUSDT
USDT,ROSE,USDC,ROSEUSDT_INV,ROSEUSDC,USDCUSDT
USDT,ZK,USDC,ZKUSDT_INV,ZKUSDC,USDCUSDT
USDT,SUSHI,USDC,SUSHIUSDT_INV,SUSHIUSDC,USDCUSDT
USDT,PUMP,USDC,PUMPUSDT_INV,PUMPUSDC,USDCUSDT
USDT,PEPE,USDC,PEPEUSDT_INV,PEPEUSDC,USDCUSDT
USDT,PEPE,USDE,PEPEUSDT_INV,PEPEUSDE,USDEUSDT
USDT,PEPE,EUR,PEPEUSDT_INV,PEPEEUR,EURUSDT
USDT,MOVE,USDC,MOVEUSDT_INV,MOVEUSDC,USDCUSDT
USDT,BARD,USDC,BARDUSDT_INV,BARDUSDC,USDCUSDT
USDT,SPK,USDC,SPKUSDT_INV,SPKUSDC,USDCUSDT
USDT,NEO,USDC,NEOUSDT_INV,NEOUSDC,USDCUSDT
USDT,NEO,BTC,NEOUSDT_INV,NEOBTC,BTCUSDT
USDT,DOOD,USDC,DOODUSDT_INV,DOODUSDC,USDCUSDT
USDT,ERA,USDC,ERAUSDT_INV,ERAUSDC,USDCUSDT
USDT,ETC,BTC,ETCUSDT_INV,ETCBTC,BTCUSDT
USDT,ETC,USDC,ETCUSDT_INV,ETCUSDC,USDCUSDT
USDT,HIVE,USDC,HIVEUSDT_INV,HIVEUSDC,USDCUSDT
USDT,IMX,USDC,IMXUSDT_INV,IMXUSDC,USDCUSDT
USDT,MAV,USDC,MAVUSDT_INV,MAVUSDC,USDCUSDT
USDT,SXT,USDC,SXTUSDT_INV,SXTUSDC,USDCUSDT
USDT,AEVO,USDC,AEVOUSDT_INV,AEVOUSDC,USDCUSDT
USDT,MMT,USDC,MMTUSDT_INV,MMTUSDC,USDCUSDT
USDT,APT,USDC,APTUSDT_INV,APTUSDC,USDCUSDT
USDT,XAI,USDC,XAIUSDT_INV,XAIUSDC,USDCUSDT
USDT,CFX,USDC,CFXUSDT_INV,CFXUSDC,USDCUSDT
USDT,DASH,BTC,DASHUSDT_INV,DASHBTC,BTCUSDT
USDT,DASH,USDC,DASHUSDT_INV,DASHUSDC,USDCUSDT
USDT,HOLO,USDC,HOLOUSDT_INV,HOLOUSDC,USDCUSDT
USDT,THE,USDC,THEUSDT_INV,THEUSDC,USDCUSDT
USDT,JELLYJELLY,USDC,JELLYJELLYUSDT_INV,JELLYJELLYUSDC,USDCUSDT
USDT,ULTIMA,EUR,ULTIMAUSDT_INV,ULTIMAEUR,EURUSDT
USDT,ULTIMA,USDE,ULTIMAUSDT_INV,ULTIMAUSDE,USDEUSDT
USDT,ULTIMA,USDC,ULTIMAUSDT_INV,ULTIMAUSDC,USDCUSDT
USDT,MYX,USDC,MYXUSDT_INV,MYXUSDC,USDCUSDT
USDT,SHIB,EUR,SHIBUSDT_INV,SHIBEUR,EURUSDT
USDT,EPIC,USDC,EPICUSDT_INV,EPICUSDC,USDCUSDT
USDT,ILV,USDC,ILVUSDT_INV,ILVUSDC,USDCUSDT
USDT,ARKM,USDC,ARKMUSDT_INV,ARKMUSDC,USDCUSDT
USDT,LTC,EUR,LTCUSDT_INV,LTCEUR,EURUSDT
USDT,BIGTIME,USDC,BIGTIMEUSDT_INV,BIGTIMEUSDC,USDCUSDT
USDT,VINE,BRL,VINEUSDT_INV,VINEBRL,BRLUSDT
USDT,RENDER,USDC,RENDERUSDT_INV,RENDERUSDC,USDCUSDT
USDT,NXPC,USDC,NXPCUSDT_INV,NXPCUSDC,USDCUSDT
USDT,DYDX,USDC,DYDXUSDT_INV,DYDXUSDC,USDCUSDT
USDT,MON,USDC,MONUSDT_INV,MONUSDC,USDCUSDT
USDT,SNX,USDC,SNXUSDT_INV,SNXUSDC,USDCUSDT
USDT,SNX,ETH,SNXUSDT_INV,SNXETH,ETHUSDT
USDT,CYBER,USDC,CYBERUSDT_INV,CYBERUSDC,USDCUSDT
USDT,USD1,XRP,USD1USDT_INV,XRPUSD1_INV,XRPUSDT
USDT,USD1,LA,USD1USDT_INV,LAUSD1_INV,LAUSDT
USDT,USD1,TAG,USD1USDT_INV,TAGUSD1_INV,TAGUSDT
USDT,USD1,ETH,USD1USDT_INV,ETHUSD1_INV,ETHUSDT
USDT,USD1,BTC,USD1USDT_INV,BTCUSD1_INV,BTCUSDT
USDT,USD1,KAS,USD1USDT_INV,KASUSD1_INV,KASUSDT
USDT,USD1,SAHARA,USD1USDT_INV,SAHARAUSD1_INV,SAHARAUSDT
USDT,USD1,BANK,USD1USDT_INV,BANKUSD1_INV,BANKUSDT
USDT,USD1,MELANIA,USD1USDT_INV,MELANIAUSD1_INV,MELANIAUSDT
USDT,USD1,B,USD1USDT_INV,BUSD1_INV,BUSDT
USDT,USD1,SOL,USD1USDT_INV,SOLUSD1_INV,SOLUSDT
USDT,USD1,WLFI,USD1USDT_INV,WLFIUSD1_INV,WLFIUSDT
USDT,USD1,ETHFI,USD1USDT_INV,ETHFIUSD1_INV,ETHFIUSDT
USDT,USD1,PI,USD1USDT_INV,PIUSD1_INV,PIUSDT
USDT,USD1,TRUMP,USD1USDT_INV,TRUMPUSD1_INV,TRUMPUSDT
USDT,ANIME,USDC,ANIMEUSDT_INV,ANIMEUSDC,USDCUSDT
USDT,OMG,BTC,OMGUSDT_INV,OMGBTC,BTCUSDT
USDT,POL,USDC,POLUSDT_INV,POLUSDC,USDCUSDT
USDT,BROCCOLIF3B,USDC,BROCCOLIF3BUSDT_INV,BROCCOLIF3BUSDC,USDCUSDT
USDT,AIXBT,USDC,AIXBTUSDT_INV,AIXBTUSDC,USDCUSDT
USDT,XRP,ETH,XRPUSDT_INV,XRPETH,ETHUSDT
USDT,XRP,BRL,XRPUSDT_INV,XRPBRL,BRLUSDT
USDT,XRP,USD1,XRPUSDT_INV,XRPUSD1,USD1USDT
USDT,XRP,EUR,XRPUSDT_INV,XRPEUR,EURUSDT
USDT,XRP,BTC,XRPUSDT_INV,XRPBTC,BTCUSDT
USDT,XRP,USDE,XRPUSDT_INV,XRPUSDE,USDEUSDT
USDT,PEAQ,USDC,PEAQUSDT_INV,PEAQUSDC,USDCUSDT
USDT,TRUMP,USDC,TRUMPUSDT_INV,TRUMPUSDC,USDCUSDT
USDT,TRUMP,USD1,TRUMPUSDT_INV,TRUMPUSD1,USD1USDT
USDT,TRUMP,EUR,TRUMPUSDT_INV,TRUMPEUR,EURUSDT
USDT,ONT,BTC,ONTUSDT_INV,ONTBTC,BTCUSDT
USDT,HOME,USDC,HOMEUSDT_INV,HOMEUSDC,USDCUSDT
USDT,IRYS,USDC,IRYSUSDT_INV,IRYSUSDC,USDCUSDT
USDT,BERA,USDC,BERAUSDT_INV,BERAUSDC,USDCUSDT
USDT,OM,USDC,OMUSDT_INV,OMUSDC,USDCUSDT
USDT,NIL,USDC,NILUSDT_INV,NILUSDC,USDCUSDT
USDT,ZRO,USDC,ZROUSDT_INV,ZROUSDC,USDCUSDT
USDT,ZBCN,USDC,ZBCNUSDT_INV,ZBCNUSDC,USDCUSDT
USDT,0G,USDC,0GUSDT_INV,0GUSDC,USDCUSDT
USDT,BABYDOGE,USDC,BABYDOGEUSDT_INV,BABYDOGEUSDC,USDCUSDT
USDT,WBTC,BTC,WBTCUSDT_INV,WBTCBTC,BTCUSDT
ONDO,USDT,USDC,ONDOUSDT,USDCUSDT_INV,ONDOUSDC_INV
ONDO,USDC,USDT,ONDOUSDC,USDCUSDT,ONDOUSDT_INV
NEWT,USDT,USDC,NEWTUSDT,USDCUSDT_INV,NEWTUSDC_INV
NEWT,USDC,USDT,NEWTUSDC,USDCUSDT,NEWTUSDT_INV
FARTCOIN,USDT,USDC,FARTCOINUSDT,USDCUSDT_INV,FARTCOINUSDC_INV
FARTCOIN,USDC,USDT,FARTCOINUSDC,USDCUSDT,FARTCOINUSDT_INV
ETH,USD1,USDT,ETHUSD1,USD1USDT,ETHUSDT_INV
ETH,LINK,USDT,LINKETH_INV,LINKUSDT,ETHUSDT_INV
ETH,EUR,USDT,ETHEUR,EURUSDT,ETHUSDT_INV
ETH,SNX,USDT,SNXETH_INV,SNXUSDT,ETHUSDT_INV
ETH,BTC,USDT,ETHBTC,BTCUSDT,ETHUSDT_INV
ETH,UNI,USDT,UNIETH_INV,UNIUSDT,ETHUSDT_INV
ETH,IP,USDT,IPETH_INV,IPUSDT,ETHUSDT_INV
ETH,USDE,USDT,ETHUSDE,USDEUSDT,ETHUSDT_INV
ETH,MX,USDT,MXETH_INV,MXUSDT,ETHUSDT_INV
ETH,XRP,USDT,XRPETH_INV,XRPUSDT,ETHUSDT_INV
ETH,USDF,USDT,ETHUSDF,USDFUSDT,ETHUSDT_INV
ETH,BRL,USDT,ETHBRL,BRLUSDT,ETHUSDT_INV
ETH,OXT,USDT,OXTETH_INV,OXTUSDT,ETHUSDT_INV
ETH,USDT,USD1,ETHUSDT,USD1USDT_INV,ETHUSD1_INV
ETH,USDT,XRP,ETHUSDT,XRPUSDT_INV,XRPETH
ETH,USDT,SNX,ETHUSDT,SNXUSDT_INV,SNXETH
ETH,USDT,IP,ETHUSDT,IPUSDT_INV,IPETH
ETH,USDT,AR,ETHUSDT,ARUSDT_INV,ARETH
ETH,USDT,UNI,ETHUSDT,UNIUSDT_INV,UNIETH
ETH,USDT,BTC,ETHUSDT,BTCUSDT_INV,ETHBTC_INV
ETH,USDT,MX,ETHUSDT,MXUSDT_INV,MXETH
ETH,USDT,USDF,ETHUSDT,USDFUSDT_INV,ETHUSDF_INV
ETH,USDT,BRL,ETHUSDT,BRLUSDT_INV,ETHBRL_INV
ETH,USDT,USDE,ETHUSDT,USDEUSDT_INV,ETHUSDE_INV
ETH,USDT,OXT,ETHUSDT,OXTUSDT_INV,OXTETH
ETH,USDT,EUR,ETHUSDT,EURUSDT_INV,ETHEUR_INV
ETH,USDT,LINK,ETHUSDT,LINKUSDT_INV,LINKETH
ETH,USDT,NMR,ETHUSDT,NMRUSDT_INV,NMRETH
ETH,USDT,RSR,ETHUSDT,RSRUSDT_INV,RSRETH
ETH,USDT,CRV,ETHUSDT,CRVUSDT_INV,CRVETH
ETH,CRV,USDT,CRVETH_INV,CRVUSDT,ETHUSDT_INV
ETH,NMR,USDT,NMRETH_INV,NMRUSDT,ETHUSDT_INV
ETH,RSR,USDT,RSRETH_INV,RSRUSDT,ETHUSDT_INV
ETH,AR,USDT,ARETH_INV,ARUSDT,ETHUSDT_INV
WAL,USDC,USDT,WALUSDC,USDCUSDT,WALUSDT_INV
WAL,USDT,USDC,WALUSDT,USDCUSDT_INV,WALUSDC_INV
KERNEL,USDC,USDT,KERNELUSDC,USDCUSDT,KERNELUSDT_INV
KERNEL,USDT,USDC,KERNELUSDT,USDCUSDT_INV,KERNELUSDC_INV
ADA,USDT,EUR,ADAUSDT,EURUSDT_INV,ADAEUR_INV
ADA,EUR,USDT,ADAEUR,EURUSDT,ADAUSDT_INV
BTC,ONT,USDT,ONTBTC_INV,ONTUSDT,BTCUSDT_INV
BTC,ETH,USDT,ETHBTC_INV,ETHUSDT,BTCUSDT_INV
BTC,USDE,USDT,BTCUSDE,USDEUSDT,BTCUSDT_INV
BTC,A,USDT,ABTC_INV,AUSDT,BTCUSDT_INV
BTC,ETC,USDT,ETCBTC_INV,ETCUSDT,BTCUSDT_INV
BTC,DOT,USDT,DOTBTC_INV,DOTUSDT,BTCUSDT_INV
BTC,ANKR,USDT,ANKRBTC_INV,ANKRUSDT,BTCUSDT_INV
BTC,BRL,USDT,BTCBRL,BRLUSDT,BTCUSDT_INV
BTC,QTUM,USDT,QTUMBTC_INV,QTUMUSDT,BTCUSDT_INV
BTC,WBTC,USDT,WBTCBTC_INV,WBTCUSDT,BTCUSDT_INV
BTC,SOL,USDT,SOLBTC_INV,SOLUSDT,BTCUSDT_INV
BTC,ATOM,USDT,ATOMBTC_INV,ATOMUSDT,BTCUSDT_INV
BTC,USDF,USDT,BTCUSDF,USDFUSDT,BTCUSDT_INV
BTC,BDX,USDT,BDXBTC_INV,BDXUSDT,BTCUSDT_INV
BTC,USD1,USDT,BTCUSD1,USD1USDT,BTCUSDT_INV
BTC,XRP,USDT,XRPBTC_INV,XRPUSDT,BTCUSDT_INV
BTC,USDT,BRL,BTCUSDT,BRLUSDT_INV,BTCBRL_INV
BTC,USDT,BDX,BTCUSDT,BDXUSDT_INV,BDXBTC
BTC,USDT,USDE,BTCUSDT,USDEUSDT_INV,BTCUSDE_INV
BTC,USDT,TRX,BTCUSDT,TRXUSDT_INV,TRXBTC
BTC,USDT,EUR,BTCUSDT,EURUSDT_INV,BTCEUR_INV
BTC,USDT,QTUM,BTCUSDT,QTUMUSDT_INV,QTUMBTC
BTC,USDT,BCH,BTCUSDT,BCHUSDT_INV,BCHBTC
BTC,USDT,DEXE,BTCUSDT,DEXEUSDT_INV,DEXEBTC
BTC,USDT,A,BTCUSDT,AUSDT_INV,ABTC
BTC,USDT,SOL,BTCUSDT,SOLUSDT_INV,SOLBTC
BTC,USDT,ONT,BTCUSDT,ONTUSDT_INV,ONTBTC
BTC,USDT,WBTC,BTCUSDT,WBTCUSDT_INV,WBTCBTC
BTC,USDT,ATOM,BTCUSDT,ATOMUSDT_INV,ATOMBTC
BTC,USDT,NEO,BTCUSDT,NEOUSDT_INV,NEOBTC
BTC,USDT,ETC,BTCUSDT,ETCUSDT_INV,ETCBTC
BTC,USDT,DASH,BTCUSDT,DASHUSDT_INV,DASHBTC
BTC,USDT,USD1,BTCUSDT,USD1USDT_INV,BTCUSD1_INV
BTC,USDT,OMG,BTCUSDT,OMGUSDT_INV,OMGBTC
BTC,USDT,XRP,BTCUSDT,XRPUSDT_INV,XRPBTC
BTC,USDT,ANKR,BTCUSDT,ANKRUSDT_INV,ANKRBTC
BTC,USDT,DOT,BTCUSDT,DOTUSDT_INV,DOTBTC
BTC,USDT,ETH,BTCUSDT,ETHUSDT_INV,ETHBTC
BTC,USDT,XLM,BTCUSDT,XLMUSDT_INV,XLMBTC
BTC,USDT,MX,BTCUSDT,MXUSDT_INV,MXBTC
BTC,USDT,USDF,BTCUSDT,USDFUSDT_INV,BTCUSDF_INV
BTC,USDT,USDC,BTCUSDT,USDCUSDT_INV,BTCUSDC_INV
BTC,USDT,IP,BTCUSDT,IPUSDT_INV,IPBTC
BTC,XLM,USDT,XLMBTC_INV,XLMUSDT,BTCUSDT_INV
BTC,DASH,USDT,DASHBTC_INV,DASHUSDT,BTCUSDT_INV
BTC,USDC,USDT,BTCUSDC,USDCUSDT,BTCUSDT_INV
BTC,IP,USDT,IPBTC_INV,IPUSDT,BTCUSDT_INV
BTC,DEXE,USDT,DEXEBTC_INV,DEXEUSDT,BTCUSDT_INV
BTC,OMG,USDT,OMGBTC_INV,OMGUSDT,BTCUSDT_INV
BTC,NEO,USDT,NEOBTC_INV,NEOUSDT,BTCUSDT_INV
BTC,BCH,USDT,BCHBTC_INV,BCHUSDT,BTCUSDT_INV
BTC,MX,USDT,MXBTC_INV,MXUSDT,BTCUSDT_INV
BTC,EUR,USDT,BTCEUR,EURUSDT,BTCUSDT_INV
BTC,TRX,USDT,TRXBTC_INV,TRXUSDT,BTCUSDT_INV
HBAR,USDT,USDC,HBARUSDT,USDCUSDT_INV,HBARUSDC_INV
HBAR,USDC,USDT,HBARUSDC,USDCUSDT,HBARUSDT_INV
XCN,USDC,USDT,XCNUSDC,USDCUSDT,XCNUSDT_INV
XCN,USDT,USDC,XCNUSDT,USDCUSDT_INV,XCNUSDC_INV
ZBT,USDT,USDC,ZBTUSDT,USDCUSDT_INV,ZBTUSDC_INV
ZBT,USDC,USDT,ZBTUSDC,USDCUSDT,ZBTUSDT_INV
ENJ,USDC,USDT,ENJUSDC,USDCUSDT,ENJUSDT_INV
ENJ,USDT,USDC,ENJUSDT,USDCUSDT_INV,ENJUSDC_INV
LIGHT,USDC,USDT,LIGHTUSDC,USDCUSDT,LIGHTUSDT_INV
LIGHT,USDT,USDC,LIGHTUSDT,USDCUSDT_INV,LIGHTUSDC_INV
ONT,USDT,BTC,ONTUSDT,BTCUSDT_INV,ONTBTC_INV
ONT,BTC,USDT,ONTBTC,BTCUSDT,ONTUSDT_INV
BIGTIME,USDC,USDT,BIGTIMEUSDC,USDCUSDT,BIGTIMEUSDT_INV
BIGTIME,USDT,USDC,BIGTIMEUSDT,USDCUSDT_INV,BIGTIMEUSDC_INV
TRX,USDT,BTC,TRXUSDT,BTCUSDT_INV,TRXBTC_INV
TRX,USDT,USDE,TRXUSDT,USDEUSDT_INV,TRXUSDE_INV
TRX,USDE,USDT,TRXUSDE,USDEUSDT,TRXUSDT_INV
TRX,BTC,USDT,TRXBTC,BTCUSDT,TRXUSDT_INV
PUMP,USDC,USDT,PUMPUSDC,USDCUSDT,PUMPUSDT_INV
PUMP,USDT,USDC,PUMPUSDT,USDCUSDT_INV,PUMPUSDC_INV
AVAX,USDT,EUR,AVAXUSDT,EURUSDT_INV,AVAXEUR_INV
AVAX,EUR,USDT,AVAXEUR,EURUSDT,AVAXUSDT_INV
BABYDOGE,USDC,USDT,BABYDOGEUSDC,USDCUSDT,BABYDOGEUSDT_INV
BABYDOGE,USDT,USDC,BABYDOGEUSDT,USDCUSDT_INV,BABYDOGEUSDC_INV
SXT,USDC,USDT,SXTUSDC,USDCUSDT,SXTUSDT_INV
SXT,USDT,USDC,SXTUSDT,USDCUSDT_INV,SXTUSDC_INV
DOGS,USDT,USDC,DOGSUSDT,USDCUSDT_INV,DOGSUSDC_INV
DOGS,USDC,USDT,DOGSUSDC,USDCUSDT,DOGSUSDT_INV
ETC,USDC,USDT,ETCUSDC,USDCUSDT,ETCUSDT_INV
ETC,USDT,BTC,ETCUSDT,BTCUSDT_INV,ETCBTC_INV
ETC,USDT,USDC,ETCUSDT,USDCUSDT_INV,ETCUSDC_INV
ETC,BTC,USDT,ETCBTC,BTCUSDT,ETCUSDT_INV
EIGEN,USDT,USDC,EIGENUSDT,USDCUSDT_INV,EIGENUSDC_INV
EIGEN,USDC,USDT,EIGENUSDC,USDCUSDT,EIGENUSDT_INV
ZKP,USDC,USDT,ZKPUSDC,USDCUSDT,ZKPUSDT_INV
ZKP,USDT,USDC,ZKPUSDT,USDCUSDT_INV,ZKPUSDC_INV
SIGN,USDC,USDT,SIGNUSDC,USDCUSDT,SIGNUSDT_INV
SIGN,USDT,USDC,SIGNUSDT,USDCUSDT_INV,SIGNUSDC_INV
RENDER,USDC,USDT,RENDERUSDC,USDCUSDT,RENDERUSDT_INV
RENDER,USDT,USDC,RENDERUSDT,USDCUSDT_INV,RENDERUSDC_INV
PEPE,USDT,USDC,PEPEUSDT,USDCUSDT_INV,PEPEUSDC_INV
PEPE,USDT,USDE,PEPEUSDT,USDEUSDT_INV,PEPEUSDE_INV
PEPE,USDT,EUR,PEPEUSDT,EURUSDT_INV,PEPEEUR_INV
PEPE,USDC,USDT,PEPEUSDC,USDCUSDT,PEPEUSDT_INV
PEPE,USDE,USDT,PEPEUSDE,USDEUSDT,PEPEUSDT_INV
PEPE,EUR,USDT,PEPEEUR,EURUSDT,PEPEUSDT_INV
MORPHO,USDC,USDT,MORPHOUSDC,USDCUSDT,MORPHOUSDT_INV
MORPHO,USDT,USDC,MORPHOUSDT,USDCUSDT_INV,MORPHOUSDC_INV
MUBARAK,USDT,USDC,MUBARAKUSDT,USDCUSDT_INV,MUBARAKUSDC_INV
MUBARAK,USDC,USDT,MUBARAKUSDC,USDCUSDT,MUBARAKUSDT_INV
AR,USDT,USDC,ARUSDT,USDCUSDT_INV,ARUSDC_INV
AR,USDT,ETH,ARUSDT,ETHUSDT_INV,ARETH_INV
AR,USDC,USDT,ARUSDC,USDCUSDT,ARUSDT_INV
AR,ETH,USDT,ARETH,ETHUSDT,ARUSDT_INV
RBNT,USDT,USDC,RBNTUSDT,USDCUSDT_INV,RBNTUSDC_INV
RBNT,USDC,USDT,RBNTUSDC,USDCUSDT,RBNTUSDT_INV
DOLO,USDC,USDT,DOLOUSDC,USDCUSDT,DOLOUSDT_INV
DOLO,USDT,USDC,DOLOUSDT,USDCUSDT_INV,DOLOUSDC_INV
JELLYJELLY,USDC,USDT,JELLYJELLYUSDC,USDCUSDT,JELLYJELLYUSDT_INV
JELLYJELLY,USDT,USDC,JELLYJELLYUSDT,USDCUSDT_INV,JELLYJELLYUSDC_INV
LINGO,USDC,USDT,LINGOUSDC,USDCUSDT,LINGOUSDT_INV
LINGO,USDT,USDC,LINGOUSDT,USDCUSDT_INV,LINGOUSDC_INV
CGN,USDC,USDT,CGNUSDC,USDCUSDT,CGNUSDT_INV
CGN,USDT,USDC,CGNUSDT,USDCUSDT_INV,CGNUSDC_INV
VINE,BRL,USDT,VINEBRL,BRLUSDT,VINEUSDT_INV
VINE,USDT,BRL,VINEUSDT,BRLUSDT_INV,VINEBRL_INV
AT,USDC,USDT,ATUSDC,USDCUSDT,ATUSDT_INV
AT,USDT,USDC,ATUSDT,USDCUSDT_INV,ATUSDC_INV
USDC,ALLO,USDT,ALLOUSDC_INV,ALLOUSDT,USDCUSDT_INV
USDC,XLM,USDT,XLMUSDC_INV,XLMUSDT,USDCUSDT_INV
USDC,ETHFI,USDT,ETHFIUSDC_INV,ETHFIUSDT,USDCUSDT_INV
USDC,SKL,USDT,SKLUSDC_INV,SKLUSDT,USDCUSDT_INV
USDC,FLOKI,USDT,FLOKIUSDC_INV,FLOKIUSDT,USDCUSDT_INV
USDC,CFX,USDT,CFXUSDC_INV,CFXUSDT,USDCUSDT_INV
USDC,USELESS,USDT,USELESSUSDC_INV,USELESSUSDT,USDCUSDT_INV
USDC,RUNE,USDT,RUNEUSDC_INV,RUNEUSDT,USDCUSDT_INV
USDC,TLM,USDT,TLMUSDC_INV,TLMUSDT,USDCUSDT_INV
USDC,PYTH,USDT,PYTHUSDC_INV,PYTHUSDT,USDCUSDT_INV
USDC,BOB,USDT,BOBUSDC_INV,BOBUSDT,USDCUSDT_INV
USDC,UMA,USDT,UMAUSDC_INV,UMAUSDT,USDCUSDT_INV
USDC,BERA,USDT,BERAUSDC_INV,BERAUSDT,USDCUSDT_INV
USDC,TRUMP,USDT,TRUMPUSDC_INV,TRUMPUSDT,USDCUSDT_INV
USDC,ROSE,USDT,ROSEUSDC_INV,ROSEUSDT,USDCUSDT_INV
USDC,FUN,USDT,FUNUSDC_INV,FUNUSDT,USDCUSDT_INV
USDC,TON,USDT,TONUSDC_INV,TONUSDT,USDCUSDT_INV
USDC,EDEN,USDT,EDENUSDC_INV,EDENUSDT,USDCUSDT_INV
USDC,EGLD,USDT,EGLDUSDC_INV,EGLDUSDT,USDCUSDT_INV
USDC,JTO,USDT,JTOUSDC_INV,JTOUSDT,USDCUSDT_INV
USDC,XTZ,USDT,XTZUSDC_INV,XTZUSDT,USDCUSDT_INV
USDC,ZEN,USDT,ZENUSDC_INV,ZENUSDT,USDCUSDT_INV
USDC,FARTCOIN,USDT,FARTCOINUSDC_INV,FARTCOINUSDT,USDCUSDT_INV
USDC,VANRY,USDT,VANRYUSDC_INV,VANRYUSDT,USDCUSDT_INV
USDC,KAS,USDT,KASUSDC_INV,KASUSDT,USDCUSDT_INV
USDC,LDO,USDT,LDOUSDC_INV,LDOUSDT,USDCUSDT_INV
USDC,THE,USDT,THEUSDC_INV,THEUSDT,USDCUSDT_INV
USDC,TST,USDT,TSTUSDC_INV,TSTUSDT,USDCUSDT_INV
USDC,W,USDT,WUSDC_INV,WUSDT,USDCUSDT_INV
USDC,AVNT,USDT,AVNTUSDC_INV,AVNTUSDT,USDCUSDT_INV
USDC,BANK,USDT,BANKUSDC_INV,BANKUSDT,USDCUSDT_INV
USDC,USDT,ZEC,USDCUSDT,ZECUSDT_INV,ZECUSDC
USDC,USDT,RSR,USDCUSDT,RSRUSDT_INV,RSRUSDC
USDC,USDT,PEOPLE,USDCUSDT,PEOPLEUSDT_INV,PEOPLEUSDC
USDC,USDT,A,USDCUSDT,AUSDT_INV,AUSDC
USDC,USDT,CRV,USDCUSDT,CRVUSDT_INV,CRVUSDC
USDC,USDT,CYS,USDCUSDT,CYSUSDT_INV,CYSUSDC
USDC,USDT,LIT,USDCUSDT,LITUSDT_INV,LITUSDC
USDC,USDT,BIO,USDCUSDT,BIOUSDT_INV,BIOUSDC
USDC,USDT,FORM,USDCUSDT,FORMUSDT_INV,FORMUSDC
USDC,USDT,USUAL,USDCUSDT,USUALUSDT_INV,USUALUSDC
USDC,USDT,XVG,USDCUSDT,XVGUSDT_INV,XVGUSDC
USDC,USDT,TREE,USDCUSDT,TREEUSDT_INV,TREEUSDC
USDC,USDT,STO,USDCUSDT,STOUSDT_INV,STOUSDC
USDC,USDT,STABLE,USDCUSDT,STABLEUSDT_INV,STABLEUSDC
USDC,USDT,CC,USDCUSDT,CCUSDT_INV,CCUSDC
USDC,USDT,NOT,USDCUSDT,NOTUSDT_INV,NOTUSDC
USDC,USDT,KEKIUS,USDCUSDT,KEKIUSUSDT_INV,KEKIUSUSDC
USDC,USDT,SIGN,USDCUSDT,SIGNUSDT_INV,SIGNUSDC
USDC,USDT,CGN,USDCUSDT,CGNUSDT_INV,CGNUSDC
USDC,USDT,OPEN,USDCUSDT,OPENUSDT_INV,OPENUSDC
USDC,USDT,KITE,USDCUSDT,KITEUSDT_INV,KITEUSDC
USDC,USDT,AXS,USDCUSDT,AXSUSDT_INV,AXSUSDC
USDC,USDT,CAKE,USDCUSDT,CAKEUSDT_INV,CAKEUSDC
USDC,USDT,QUBIC,USDCUSDT,QUBICUSDT_INV,QUBICUSDC
USDC,USDT,FARTCOIN,USDCUSDT,FARTCOINUSDT_INV,FARTCOINUSDC
USDC,USDT,EUR,USDCUSDT,EURUSDT_INV,USDCEUR_INV
USDC,USDT,SEI,USDCUSDT,SEIUSDT_INV,SEIUSDC
USDC,USDT,MAGIC,USDCUSDT,MAGICUSDT_INV,MAGICUSDC
USDC,USDT,RUNE,USDCUSDT,RUNEUSDT_INV,RUNEUSDC
USDC,USDT,VANRY,USDCUSDT,VANRYUSDT_INV,VANRYUSDC
USDC,USDT,RARE,USDCUSDT,RAREUSDT_INV,RAREUSDC
USDC,USDT,TWT,USDCUSDT,TWTUSDT_INV,TWTUSDC
USDC,USDT,PENGU,USDCUSDT,PENGUUSDT_INV,PENGUUSDC
USDC,USDT,QTUM,USDCUSDT,QTUMUSDT_INV,QTUMUSDC
USDC,USDT,VIRTUAL,USDCUSDT,VIRTUALUSDT_INV,VIRTUALUSDC
USDC,USDT,IOTA,USDCUSDT,IOTAUSDT_INV,IOTAUSDC
USDC,USDT,LDO,USDCUSDT,LDOUSDT_INV,LDOUSDC
USDC,USDT,RVN,USDCUSDT,RVNUSDT_INV,RVNUSDC
USDC,USDT,HBAR,USDCUSDT,HBARUSDT_INV,HBARUSDC
USDC,USDT,WLFI,USDCUSDT,WLFIUSDT_INV,WLFIUSDC
USDC,USDT,ZBT,USDCUSDT,ZBTUSDT_INV,ZBTUSDC
USDC,USDT,XCN,USDCUSDT,XCNUSDT_INV,XCNUSDC
USDC,USDT,KAS,USDCUSDT,KASUSDT_INV,KASUSDC
USDC,USDT,MET,USDCUSDT,METUSDT_INV,METUSDC
USDC,USDT,LINGO,USDCUSDT,LINGOUSDT_INV,LINGOUSDC
USDC,USDT,BANK,USDCUSDT,BANKUSDT_INV,BANKUSDC
USDC,USDT,PI,USDCUSDT,PIUSDT_INV,PIUSDC
USDC,USDT,ZKC,USDCUSDT,ZKCUSDT_INV,ZKCUSDC
USDC,USDT,PARTI,USDCUSDT,PARTIUSDT_INV,PARTIUSDC
USDC,USDT,LINK,USDCUSDT,LINKUSDT_INV,LINKUSDC
USDC,USDT,BANANAS31,USDCUSDT,BANANAS31USDT_INV,BANANAS31USDC
USDC,USDT,BKN,USDCUSDT,BKNUSDT_INV,BKNUSDC
USDC,USDT,EGLD,USDCUSDT,EGLDUSDT_INV,EGLDUSDC
USDC,USDT,SAHARA,USDCUSDT,SAHARAUSDT_INV,SAHARAUSDC
USDC,USDT,BMT,USDCUSDT,BMTUSDT_INV,BMTUSDC
USDC,USDT,PIPPIN,USDCUSDT,PIPPINUSDT_INV,PIPPINUSDC
USDC,USDT,POPCAT,USDCUSDT,POPCATUSDT_INV,POPCATUSDC
USDC,USDT,SYRUP,USDCUSDT,SYRUPUSDT_INV,SYRUPUSDC
USDC,USDT,CETUS,USDCUSDT,CETUSUSDT_INV,CETUSUSDC
USDC,USDT,1INCH,USDCUSDT,1INCHUSDT_INV,1INCHUSDC
USDC,USDT,NMR,USDCUSDT,NMRUSDT_INV,NMRUSDC
USDC,USDT,COMP,USDCUSDT,COMPUSDT_INV,COMPUSDC
USDC,USDT,BOME,USDCUSDT,BOMEUSDT_INV,BOMEUSDC
USDC,USDT,FET,USDCUSDT,FETUSDT_INV,FETUSDC
USDC,USDT,NEWT,USDCUSDT,NEWTUSDT_INV,NEWTUSDC
USDC,USDT,TIA,USDCUSDT,TIAUSDT_INV,TIAUSDC
USDC,USDT,SKY,USDCUSDT,SKYUSDT_INV,SKYUSDC
USDC,USDT,FHE,USDCUSDT,FHEUSDT_INV,FHEUSDC
USDC,USDT,MNT,USDCUSDT,MNTUSDT_INV,MNTUSDC
USDC,USDT,TNSR,USDCUSDT,TNSRUSDT_INV,TNSRUSDC
USDC,USDT,RENDER,USDCUSDT,RENDERUSDT_INV,RENDERUSDC
USDC,USDT,NXPC,USDCUSDT,NXPCUSDT_INV,NXPCUSDC
USDC,USDT,DYDX,USDCUSDT,DYDXUSDT_INV,DYDXUSDC
USDC,USDT,MON,USDCUSDT,MONUSDT_INV,MONUSDC
USDC,USDT,SNX,USDCUSDT,SNXUSDT_INV,SNXUSDC
USDC,USDT,CYBER,USDCUSDT,CYBERUSDT_INV,CYBERUSDC
USDC,USDT,ANIME,USDCUSDT,ANIMEUSDT_INV,ANIMEUSDC
USDC,USDT,POL,USDCUSDT,POLUSDT_INV,POLUSDC
USDC,USDT,BROCCOLIF3B,USDCUSDT,BROCCOLIF3BUSDT_INV,BROCCOLIF3BUSDC
USDC,USDT,AIXBT,USDCUSDT,AIXBTUSDT_INV,AIXBTUSDC
USDC,USDT,PEAQ,USDCUSDT,PEAQUSDT_INV,PEAQUSDC
USDC,USDT,TRUMP,USDCUSDT,TRUMPUSDT_INV,TRUMPUSDC
USDC,USDT,HOME,USDCUSDT,HOMEUSDT_INV,HOMEUSDC
USDC,USDT,IRYS,USDCUSDT,IRYSUSDT_INV,IRYSUSDC
USDC,USDT,BERA,USDCUSDT,BERAUSDT_INV,BERAUSDC
USDC,USDT,OM,USDCUSDT,OMUSDT_INV,OMUSDC
USDC,USDT,NIL,USDCUSDT,NILUSDT_INV,NILUSDC
USDC,USDT,ZRO,USDCUSDT,ZROUSDT_INV,ZROUSDC
USDC,USDT,ZBCN,USDCUSDT,ZBCNUSDT_INV,ZBCNUSDC
USDC,USDT,0G,USDCUSDT,0GUSDT_INV,0GUSDC
USDC,USDT,BABYDOGE,USDCUSDT,BABYDOGEUSDT_INV,BABYDOGEUSDC
USDC,USDT,C,USDCUSDT,CUSDT_INV,CUSDC
USDC,USDT,XPL,USDCUSDT,XPLUSDT_INV,XPLUSDC
USDC,USDT,PYTH,USDCUSDT,PYTHUSDT_INV,PYTHUSDC
USDC,USDT,CGPT,USDCUSDT,CGPTUSDT_INV,CGPTUSDC
USDC,USDT,ROSE,USDCUSDT,ROSEUSDT_INV,ROSEUSDC
USDC,USDT,ZK,USDCUSDT,ZKUSDT_INV,ZKUSDC
USDC,USDT,SUSHI,USDCUSDT,SUSHIUSDT_INV,SUSHIUSDC
USDC,USDT,PUMP,USDCUSDT,PUMPUSDT_INV,PUMPUSDC
USDC,USDT,PEPE,USDCUSDT,PEPEUSDT_INV,PEPEUSDC
USDC,USDT,MOVE,USDCUSDT,MOVEUSDT_INV,MOVEUSDC
USDC,USDT,BARD,USDCUSDT,BARDUSDT_INV,BARDUSDC
USDC,USDT,SPK,USDCUSDT,SPKUSDT_INV,SPKUSDC
USDC,USDT,NEO,USDCUSDT,NEOUSDT_INV,NEOUSDC
USDC,USDT,DOOD,USDCUSDT,DOODUSDT_INV,DOODUSDC
USDC,USDT,ERA,USDCUSDT,ERAUSDT_INV,ERAUSDC
USDC,USDT,ETC,USDCUSDT,ETCUSDT_INV,ETCUSDC
USDC,USDT,HIVE,USDCUSDT,HIVEUSDT_INV,HIVEUSDC
USDC,USDT,IMX,USDCUSDT,IMXUSDT_INV,IMXUSDC
USDC,USDT,MAV,USDCUSDT,MAVUSDT_INV,MAVUSDC
USDC,USDT,SXT,USDCUSDT,SXTUSDT_INV,SXTUSDC
USDC,USDT,AEVO,USDCUSDT,AEVOUSDT_INV,AEVOUSDC
USDC,USDT,MMT,USDCUSDT,MMTUSDT_INV,MMTUSDC
USDC,USDT,APT,USDCUSDT,APTUSDT_INV,APTUSDC
USDC,USDT,XAI,USDCUSDT,XAIUSDT_INV,XAIUSDC
USDC,USDT,CFX,USDCUSDT,CFXUSDT_INV,CFXUSDC
USDC,USDT,DASH,USDCUSDT,DASHUSDT_INV,DASHUSDC
USDC,USDT,HOLO,USDCUSDT,HOLOUSDT_INV,HOLOUSDC
USDC,USDT,THE,USDCUSDT,THEUSDT_INV,THEUSDC
USDC,USDT,JELLYJELLY,USDCUSDT,JELLYJELLYUSDT_INV,JELLYJELLYUSDC
USDC,USDT,ULTIMA,USDCUSDT,ULTIMAUSDT_INV,ULTIMAUSDC
USDC,USDT,MYX,USDCUSDT,MYXUSDT_INV,MYXUSDC
USDC,USDT,EPIC,USDCUSDT,EPICUSDT_INV,EPICUSDC
USDC,USDT,ILV,USDCUSDT,ILVUSDT_INV,ILVUSDC
USDC,USDT,ARKM,USDCUSDT,ARKMUSDT_INV,ARKMUSDC
USDC,USDT,BIGTIME,USDCUSDT,BIGTIMEUSDT_INV,BIGTIMEUSDC
USDC,USDT,CHESS,USDCUSDT,CHESSUSDT_INV,CHESSUSDC
USDC,USDT,PIXEL,USDCUSDT,PIXELUSDT_INV,PIXELUSDC
USDC,USDT,MORPHO,USDCUSDT,MORPHOUSDT_INV,MORPHOUSDC
USDC,USDT,HMSTR,USDCUSDT,HMSTRUSDT_INV,HMSTRUSDC
USDC,USDT,WCT,USDCUSDT,WCTUSDT_INV,WCTUSDC
USDC,USDT,BOB,USDCUSDT,BOBUSDT_INV,BOBUSDC
USDC,USDT,STX,USDCUSDT,STXUSDT_INV,STXUSDC
USDC,USDT,UMA,USDCUSDT,UMAUSDT_INV,UMAUSDC
USDC,USDT,MASK,USDCUSDT,MASKUSDT_INV,MASKUSDC
USDC,USDT,BLESS,USDCUSDT,BLESSUSDT_INV,BLESSUSDC
USDC,USDT,MUBARAK,USDCUSDT,MUBARAKUSDT_INV,MUBARAKUSDC
USDC,USDT,PLUME,USDCUSDT,PLUMEUSDT_INV,PLUMEUSDC
USDC,USDT,NPC,USDCUSDT,NPCUSDT_INV,NPCUSDC
USDC,USDT,IP,USDCUSDT,IPUSDT_INV,IPUSDC
USDC,USDT,PHA,USDCUSDT,PHAUSDT_INV,PHAUSDC
USDC,USDT,BONK,USDCUSDT,BONKUSDT_INV,BONKUSDC
USDC,USDT,MEME,USDCUSDT,MEMEUSDT_INV,MEMEUSDC
USDC,USDT,DOGS,USDCUSDT,DOGSUSDT_INV,DOGSUSDC
USDC,USDT,BEAMX,USDCUSDT,BEAMXUSDT_INV,BEAMXUSDC
USDC,USDT,AR,USDCUSDT,ARUSDT_INV,ARUSDC
USDC,USDT,SUI,USDCUSDT,SUIUSDT_INV,SUIUSDC
USDC,USDT,DOT,USDCUSDT,DOTUSDT_INV,DOTUSDC
USDC,USDT,KILO,USDCUSDT,KILOUSDT_INV,KILOUSDC
USDC,USDT,HUMA,USDCUSDT,HUMAUSDT_INV,HUMAUSDC
USDC,USDT,ETHFI,USDCUSDT,ETHFIUSDT_INV,ETHFIUSDC
USDC,USDT,RIO,USDCUSDT,RIOUSDT_INV,RIOUSDC
USDC,USDT,VELODROME,USDCUSDT,VELODROMEUSDT_INV,VELODROMEUSDC
USDC,USDT,ALCH,USDCUSDT,ALCHUSDT_INV,ALCHUSDC
USDC,USDT,ORCA,USDCUSDT,ORCAUSDT_INV,ORCAUSDC
USDC,USDT,XLM,USDCUSDT,XLMUSDT_INV,XLMUSDC
USDC,USDT,COOKIE,USDCUSDT,COOKIEUSDT_INV,COOKIEUSDC
USDC,USDT,HYPER,USDCUSDT,HYPERUSDT_INV,HYPERUSDC
USDC,USDT,AIOT,USDCUSDT,AIOTUSDT_INV,AIOTUSDC
USDC,USDT,BTC,USDCUSDT,BTCUSDT_INV,BTCUSDC
USDC,USDT,BB,USDCUSDT,BBUSDT_INV,BBUSDC
USDC,USDT,IDEX,USDCUSDT,IDEXUSDT_INV,IDEXUSDC
USDC,USDT,VET,USDCUSDT,VETUSDT_INV,VETUSDC
USDC,USDT,ACH,USDCUSDT,ACHUSDT_INV,ACHUSDC
USDC,USDT,TOWNS,USDCUSDT,TOWNSUSDT_INV,TOWNSUSDC
USDC,USDT,ARB,USDCUSDT,ARBUSDT_INV,ARBUSDC
USDC,USDT,COTI,USDCUSDT,COTIUSDT_INV,COTIUSDC
USDC,USDT,SKATE,USDCUSDT,SKATEUSDT_INV,SKATEUSDC
USDC,USDT,KMNO,USDCUSDT,KMNOUSDT_INV,KMNOUSDC
USDC,USDT,USDF,USDCUSDT,USDFUSDT_INV,USDCUSDF_INV
USDC,USDT,BANANA,USDCUSDT,BANANAUSDT_INV,BANANAUSDC
USDC,USDT,EDEN,USDCUSDT,EDENUSDT_INV,EDENUSDC
USDC,USDT,CHZ,USDCUSDT,CHZUSDT_INV,CHZUSDC
USDC,USDT,SAND,USDCUSDT,SANDUSDT_INV,SANDUSDC
USDC,USDT,PENDLE,USDCUSDT,PENDLEUSDT_INV,PENDLEUSDC
USDC,USDT,GRT,USDCUSDT,GRTUSDT_INV,GRTUSDC
USDC,USDT,LPT,USDCUSDT,LPTUSDT_INV,LPTUSDC
USDC,USDT,TAO,USDCUSDT,TAOUSDT_INV,TAOUSDC
USDC,USDT,QNT,USDCUSDT,QNTUSDT_INV,QNTUSDC
USDC,USDT,TLM,USDCUSDT,TLMUSDT_INV,TLMUSDC
USDC,USDT,SKL,USDCUSDT,SKLUSDT_INV,SKLUSDC
USDC,USDT,SAGA,USDCUSDT,SAGAUSDT_INV,SAGAUSDC
USDC,USDT,JTO,USDCUSDT,JTOUSDT_INV,JTOUSDC
USDC,USDT,OMI,USDCUSDT,OMIUSDT_INV,OMIUSDC
USDC,USDT,SUPRA,USDCUSDT,SUPRAUSDT_INV,SUPRAUSDC
USDC,USDT,CKB,USDCUSDT,CKBUSDT_INV,CKBUSDC
USDC,USDT,KAITO,USDCUSDT,KAITOUSDT_INV,KAITOUSDC
USDC,USDT,API3,USDCUSDT,API3USDT_INV,API3USDC
USDC,USDT,GMX,USDCUSDT,GMXUSDT_INV,GMXUSDC
USDC,USDT,PNUT,USDCUSDT,PNUTUSDT_INV,PNUTUSDC
USDC,USDT,MANTA,USDCUSDT,MANTAUSDT_INV,MANTAUSDC
USDC,USDT,FF,USDCUSDT,FFUSDT_INV,FFUSDC
USDC,USDT,BABY,USDCUSDT,BABYUSDT_INV,BABYUSDC
USDC,USDT,S,USDCUSDT,SUSDT_INV,SUSDC
USDC,USDT,RBNT,USDCUSDT,RBNTUSDT_INV,RBNTUSDC
USDC,USDT,ASTER,USDCUSDT,ASTERUSDT_INV,ASTERUSDC
USDC,USDT,WAL,USDCUSDT,WALUSDT_INV,WALUSDC
USDC,USDT,EIGEN,USDCUSDT,EIGENUSDT_INV,EIGENUSDC
USDC,USDT,WIF,USDCUSDT,WIFUSDT_INV,WIFUSDC
USDC,USDT,XTZ,USDCUSDT,XTZUSDT_INV,XTZUSDC
USDC,USDT,SPX,USDCUSDT,SPXUSDT_INV,SPXUSDC
USDC,USDT,TURBO,USDCUSDT,TURBOUSDT_INV,TURBOUSDC
USDC,USDT,RED,USDCUSDT,REDUSDT_INV,REDUSDC
USDC,USDT,INIT,USDCUSDT,INITUSDT_INV,INITUSDC
USDC,USDT,PROVE,USDCUSDT,PROVEUSDT_INV,PROVEUSDC
USDC,USDT,YB,USDCUSDT,YBUSDT_INV,YBUSDC
USDC,USDT,SOMI,USDCUSDT,SOMIUSDT_INV,SOMIUSDC
USDC,USDT,ACT,USDCUSDT,ACTUSDT_INV,ACTUSDC
USDC,USDT,GIGGLE,USDCUSDT,GIGGLEUSDT_INV,GIGGLEUSDC
USDC,USDT,TST,USDCUSDT,TSTUSDT_INV,TSTUSDC
USDC,USDT,USELESS,USDCUSDT,USELESSUSDT_INV,USELESSUSDC
USDC,USDT,LA,USDCUSDT,LAUSDT_INV,LAUSDC
USDC,USDT,FUN,USDCUSDT,FUNUSDT_INV,FUNUSDC
USDC,USDT,ENJ,USDCUSDT,ENJUSDT_INV,ENJUSDC
USDC,USDT,STRK,USDCUSDT,STRKUSDT_INV,STRKUSDC
USDC,USDT,BRL,USDCUSDT,BRLUSDT_INV,USDCBRL_INV
USDC,USDT,LINEA,USDCUSDT,LINEAUSDT_INV,LINEAUSDC
USDC,USDT,CVX,USDCUSDT,CVXUSDT_INV,CVXUSDC
USDC,USDT,FLUX,USDCUSDT,FLUXUSDT_INV,FLUXUSDC
USDC,USDT,ALLO,USDCUSDT,ALLOUSDT_INV,ALLOUSDC
USDC,USDT,NIGHT,USDCUSDT,NIGHTUSDT_INV,NIGHTUSDC
USDC,USDT,REZ,USDCUSDT,REZUSDT_INV,REZUSDC
USDC,USDT,ZORA,USDCUSDT,ZORAUSDT_INV,ZORAUSDC
USDC,USDT,GRIFFAIN,USDCUSDT,GRIFFAINUSDT_INV,GRIFFAINUSDC
USDC,USDT,ZEN,USDCUSDT,ZENUSDT_INV,ZENUSDC
USDC,USDT,HYPE,USDCUSDT,HYPEUSDT_INV,HYPEUSDC
USDC,USDT,LIGHT,USDCUSDT,LIGHTUSDT_INV,LIGHTUSDC
USDC,USDT,JUP,USDCUSDT,JUPUSDT_INV,JUPUSDC
USDC,USDT,XMR,USDCUSDT,XMRUSDT_INV,XMRUSDC
USDC,USDT,ONDO,USDCUSDT,ONDOUSDT_INV,ONDOUSDC
USDC,USDT,KERNEL,USDCUSDT,KERNELUSDT_INV,KERNELUSDC
USDC,USDT,INJ,USDCUSDT,INJUSDT_INV,INJUSDC
USDC,USDT,TON,USDCUSDT,TONUSDT_INV,TONUSDC
USDC,USDT,GAIB,USDCUSDT,GAIBUSDT_INV,GAIBUSDC
USDC,USDT,WLD,USDCUSDT,WLDUSDT_INV,WLDUSDC
USDC,USDT,MIRA,USDCUSDT,MIRAUSDT_INV,MIRAUSDC
USDC,USDT,HEMI,USDCUSDT,HEMIUSDT_INV,HEMIUSDC
USDC,USDT,YGG,USDCUSDT,YGGUSDT_INV,YGGUSDC
USDC,USDT,ZKP,USDCUSDT,ZKPUSDT_INV,ZKPUSDC
USDC,USDT,FLOKI,USDCUSDT,FLOKIUSDT_INV,FLOKIUSDC
USDC,USDT,DSYNC,USDCUSDT,DSYNCUSDT_INV,DSYNCUSDC
USDC,USDT,XDC,USDCUSDT,XDCUSDT_INV,XDCUSDC
USDC,USDT,MELANIA,USDCUSDT,MELANIAUSDT_INV,MELANIAUSDC
USDC,USDT,AT,USDCUSDT,ATUSDT_INV,ATUSDC
USDC,USDT,GALA,USDCUSDT,GALAUSDT_INV,GALAUSDC
USDC,USDT,IO,USDCUSDT,IOUSDT_INV,IOUSDC
USDC,USDT,NAKA,USDCUSDT,NAKAUSDT_INV,NAKAUSDC
USDC,USDT,ENA,USDCUSDT,ENAUSDT_INV,ENAUSDC
USDC,USDT,GUN,USDCUSDT,GUNUSDT_INV,GUNUSDC
USDC,USDT,AVNT,USDCUSDT,AVNTUSDT_INV,AVNTUSDC
USDC,USDT,ORDI,USDCUSDT,ORDIUSDT_INV,ORDIUSDC
USDC,USDT,H,USDCUSDT,HUSDT_INV,HUSDC
USDC,USDT,ICP,USDCUSDT,ICPUSDT_INV,ICPUSDC
USDC,USDT,BLUR,USDCUSDT,BLURUSDT_INV,BLURUSDC
USDC,USDT,W,USDCUSDT,WUSDT_INV,WUSDC
USDC,USDT,WET,USDCUSDT,WETUSDT_INV,WETUSDC
USDC,USDT,AGT,USDCUSDT,AGTUSDT_INV,AGTUSDC
USDC,USDT,SAPIEN,USDCUSDT,SAPIENUSDT_INV,SAPIENUSDC
USDC,USDT,DOLO,USDCUSDT,DOLOUSDT_INV,DOLOUSDC
USDC,RIO,USDT,RIOUSDC_INV,RIOUSDT,USDCUSDT_INV
USDC,MOVE,USDT,MOVEUSDC_INV,MOVEUSDT,USDCUSDT_INV
USDC,ICP,USDT,ICPUSDC_INV,ICPUSDT,USDCUSDT_INV
USDC,PLUME,USDT,PLUMEUSDC_INV,PLUMEUSDT,USDCUSDT_INV
USDC,XAI,USDT,XAIUSDC_INV,XAIUSDT,USDCUSDT_INV
USDC,POL,USDT,POLUSDC_INV,POLUSDT,USDCUSDT_INV
USDC,ANIME,USDT,ANIMEUSDC_INV,ANIMEUSDT,USDCUSDT_INV
USDC,STRK,USDT,STRKUSDC_INV,STRKUSDT,USDCUSDT_INV
USDC,RARE,USDT,RAREUSDC_INV,RAREUSDT,USDCUSDT_INV
USDC,SYRUP,USDT,SYRUPUSDC_INV,SYRUPUSDT,USDCUSDT_INV
USDC,MUBARAK,USDT,MUBARAKUSDC_INV,MUBARAKUSDT,USDCUSDT_INV
USDC,SEI,USDT,SEIUSDC_INV,SEIUSDT,USDCUSDT_INV
USDC,MIRA,USDT,MIRAUSDC_INV,MIRAUSDT,USDCUSDT_INV
USDC,KEKIUS,USDT,KEKIUSUSDC_INV,KEKIUSUSDT,USDCUSDT_INV
USDC,NEO,USDT,NEOUSDC_INV,NEOUSDT,USDCUSDT_INV
USDC,ACH,USDT,ACHUSDC_INV,ACHUSDT,USDCUSDT_INV
USDC,ORCA,USDT,ORCAUSDC_INV,ORCAUSDT,USDCUSDT_INV
USDC,SPK,USDT,SPKUSDC_INV,SPKUSDT,USDCUSDT_INV
USDC,QTUM,USDT,QTUMUSDC_INV,QTUMUSDT,USDCUSDT_INV
USDC,ZKP,USDT,ZKPUSDC_INV,ZKPUSDT,USDCUSDT_INV
USDC,ZORA,USDT,ZORAUSDC_INV,ZORAUSDT,USDCUSDT_INV
USDC,FORM,USDT,FORMUSDC_INV,FORMUSDT,USDCUSDT_INV
USDC,NIGHT,USDT,NIGHTUSDC_INV,NIGHTUSDT,USDCUSDT_INV
USDC,WLFI,USDT,WLFIUSDC_INV,WLFIUSDT,USDCUSDT_INV
USDC,BROCCOLIF3B,USDT,BROCCOLIF3BUSDC_INV,BROCCOLIF3BUSDT,USDCUSDT_INV
USDC,PHA,USDT,PHAUSDC_INV,PHAUSDT,USDCUSDT_INV
USDC,LINK,USDT,LINKUSDC_INV,LINKUSDT,USDCUSDT_INV
USDC,BLESS,USDT,BLESSUSDC_INV,BLESSUSDT,USDCUSDT_INV
USDC,HYPER,USDT,HYPERUSDC_INV,HYPERUSDT,USDCUSDT_INV
USDC,WET,USDT,WETUSDC_INV,WETUSDT,USDCUSDT_INV
USDC,CYS,USDT,CYSUSDC_INV,CYSUSDT,USDCUSDT_INV
USDC,AIOT,USDT,AIOTUSDC_INV,AIOTUSDT,USDCUSDT_INV
USDC,MNT,USDT,MNTUSDC_INV,MNTUSDT,USDCUSDT_INV
USDC,DOT,USDT,DOTUSDC_INV,DOTUSDT,USDCUSDT_INV
USDC,DSYNC,USDT,DSYNCUSDC_INV,DSYNCUSDT,USDCUSDT_INV
USDC,TURBO,USDT,TURBOUSDC_INV,TURBOUSDT,USDCUSDT_INV
USDC,H,USDT,HUSDC_INV,HUSDT,USDCUSDT_INV
USDC,USUAL,USDT,USUALUSDC_INV,USUALUSDT,USDCUSDT_INV
USDC,MANTA,USDT,MANTAUSDC_INV,MANTAUSDT,USDCUSDT_INV
USDC,CETUS,USDT,CETUSUSDC_INV,CETUSUSDT,USDCUSDT_INV
USDC,LIGHT,USDT,LIGHTUSDC_INV,LIGHTUSDT,USDCUSDT_INV
USDC,RBNT,USDT,RBNTUSDC_INV,RBNTUSDT,USDCUSDT_INV
USDC,BTC,USDT,BTCUSDC_INV,BTCUSDT,USDCUSDT_INV
USDC,TWT,USDT,TWTUSDC_INV,TWTUSDT,USDCUSDT_INV
USDC,BKN,USDT,BKNUSDC_INV,BKNUSDT,USDCUSDT_INV
USDC,PUMP,USDT,PUMPUSDC_INV,PUMPUSDT,USDCUSDT_INV
USDC,COOKIE,USDT,COOKIEUSDC_INV,COOKIEUSDT,USDCUSDT_INV
USDC,APT,USDT,APTUSDC_INV,APTUSDT,USDCUSDT_INV
USDC,HUMA,USDT,HUMAUSDC_INV,HUMAUSDT,USDCUSDT_INV
USDC,ETC,USDT,ETCUSDC_INV,ETCUSDT,USDCUSDT_INV
USDC,OM,USDT,OMUSDC_INV,OMUSDT,USDCUSDT_INV
USDC,HIVE,USDT,HIVEUSDC_INV,HIVEUSDT,USDCUSDT_INV
USDC,PIPPIN,USDT,PIPPINUSDC_INV,PIPPINUSDT,USDCUSDT_INV
USDC,INIT,USDT,INITUSDC_INV,INITUSDT,USDCUSDT_INV
USDC,S,USDT,SUSDC_INV,SUSDT,USDCUSDT_INV
USDC,PNUT,USDT,PNUTUSDC_INV,PNUTUSDT,USDCUSDT_INV
USDC,QNT,USDT,QNTUSDC_INV,QNTUSDT,USDCUSDT_INV
USDC,LIT,USDT,LITUSDC_INV,LITUSDT,USDCUSDT_INV
USDC,NIL,USDT,NILUSDC_INV,NILUSDT,USDCUSDT_INV
USDC,ZKC,USDT,ZKCUSDC_INV,ZKCUSDT,USDCUSDT_INV
USDC,FHE,USDT,FHEUSDC_INV,FHEUSDT,USDCUSDT_INV
USDC,HOME,USDT,HOMEUSDC_INV,HOMEUSDT,USDCUSDT_INV
USDC,API3,USDT,API3USDC_INV,API3USDT,USDCUSDT_INV
USDC,DYDX,USDT,DYDXUSDC_INV,DYDXUSDT,USDCUSDT_INV
USDC,SPX,USDT,SPXUSDC_INV,SPXUSDT,USDCUSDT_INV
USDC,NXPC,USDT,NXPCUSDC_INV,NXPCUSDT,USDCUSDT_INV
USDC,CGPT,USDT,CGPTUSDC_INV,CGPTUSDT,USDCUSDT_INV
USDC,FF,USDT,FFUSDC_INV,FFUSDT,USDCUSDT_INV
USDC,BIGTIME,USDT,BIGTIMEUSDC_INV,BIGTIMEUSDT,USDCUSDT_INV
USDC,MORPHO,USDT,MORPHOUSDC_INV,MORPHOUSDT,USDCUSDT_INV
USDC,IOTA,USDT,IOTAUSDC_INV,IOTAUSDT,USDCUSDT_INV
USDC,TAO,USDT,TAOUSDC_INV,TAOUSDT,USDCUSDT_INV
USDC,BEAMX,USDT,BEAMXUSDC_INV,BEAMXUSDT,USDCUSDT_INV
USDC,XMR,USDT,XMRUSDC_INV,XMRUSDT,USDCUSDT_INV
USDC,PENDLE,USDT,PENDLEUSDC_INV,PENDLEUSDT,USDCUSDT_INV
USDC,VIRTUAL,USDT,VIRTUALUSDC_INV,VIRTUALUSDT,USDCUSDT_INV
USDC,USDF,USDT,USDCUSDF,USDFUSDT,USDCUSDT_INV
USDC,ORDI,USDT,ORDIUSDC_INV,ORDIUSDT,USDCUSDT_INV
USDC,AR,USDT,ARUSDC_INV,ARUSDT,USDCUSDT_INV
USDC,ZEC,USDT,ZECUSDC_INV,ZECUSDT,USDCUSDT_INV
USDC,WLD,USDT,WLDUSDC_INV,WLDUSDT,USDCUSDT_INV
USDC,BANANAS31,USDT,BANANAS31USDC_INV,BANANAS31USDT,USDCUSDT_INV
USDC,POPCAT,USDT,POPCATUSDC_INV,POPCATUSDT,USDCUSDT_INV
USDC,OMI,USDT,OMIUSDC_INV,OMIUSDT,USDCUSDT_INV
USDC,KILO,USDT,KILOUSDC_INV,KILOUSDT,USDCUSDT_INV
USDC,VET,USDT,VETUSDC_INV,VETUSDT,USDCUSDT_INV
USDC,SAND,USDT,SANDUSDC_INV,SANDUSDT,USDCUSDT_INV
USDC,MON,USDT,MONUSDC_INV,MONUSDT,USDCUSDT_INV
USDC,ULTIMA,USDT,ULTIMAUSDC_INV,ULTIMAUSDT,USDCUSDT_INV
USDC,GUN,USDT,GUNUSDC_INV,GUNUSDT,USDCUSDT_INV
USDC,BARD,USDT,BARDUSDC_INV,BARDUSDT,USDCUSDT_INV
USDC,LINGO,USDT,LINGOUSDC_INV,LINGOUSDT,USDCUSDT_INV
USDC,AIXBT,USDT,AIXBTUSDC_INV,AIXBTUSDT,USDCUSDT_INV
USDC,GIGGLE,USDT,GIGGLEUSDC_INV,GIGGLEUSDT,USDCUSDT_INV
USDC,CAKE,USDT,CAKEUSDC_INV,CAKEUSDT,USDCUSDT_INV
USDC,PEOPLE,USDT,PEOPLEUSDC_INV,PEOPLEUSDT,USDCUSDT_INV
USDC,EIGEN,USDT,EIGENUSDC_INV,EIGENUSDT,USDCUSDT_INV
USDC,NAKA,USDT,NAKAUSDC_INV,NAKAUSDT,USDCUSDT_INV
USDC,BB,USDT,BBUSDC_INV,BBUSDT,USDCUSDT_INV
USDC,RVN,USDT,RVNUSDC_INV,RVNUSDT,USDCUSDT_INV
USDC,ZRO,USDT,ZROUSDC_INV,ZROUSDT,USDCUSDT_INV
USDC,INJ,USDT,INJUSDC_INV,INJUSDT,USDCUSDT_INV
USDC,FET,USDT,FETUSDC_INV,FETUSDT,USDCUSDT_INV
USDC,CRV,USDT,CRVUSDC_INV,CRVUSDT,USDCUSDT_INV
USDC,RSR,USDT,RSRUSDC_INV,RSRUSDT,USDCUSDT_INV
USDC,SNX,USDT,SNXUSDC_INV,SNXUSDT,USDCUSDT_INV
USDC,HOLO,USDT,HOLOUSDC_INV,HOLOUSDT,USDCUSDT_INV
USDC,WAL,USDT,WALUSDC_INV,WALUSDT,USDCUSDT_INV
USDC,MYX,USDT,MYXUSDC_INV,MYXUSDT,USDCUSDT_INV
USDC,SXT,USDT,SXTUSDC_INV,SXTUSDT,USDCUSDT_INV
USDC,AXS,USDT,AXSUSDC_INV,AXSUSDT,USDCUSDT_INV
USDC,NEWT,USDT,NEWTUSDC_INV,NEWTUSDT,USDCUSDT_INV
USDC,BABY,USDT,BABYUSDC_INV,BABYUSDT,USDCUSDT_INV
USDC,GRT,USDT,GRTUSDC_INV,GRTUSDT,USDCUSDT_INV
USDC,KAITO,USDT,KAITOUSDC_INV,KAITOUSDT,USDCUSDT_INV
USDC,BRL,USDT,USDCBRL,BRLUSDT,USDCUSDT_INV
USDC,MAV,USDT,MAVUSDC_INV,MAVUSDT,USDCUSDT_INV
USDC,FLUX,USDT,FLUXUSDC_INV,FLUXUSDT,USDCUSDT_INV
USDC,MASK,USDT,MASKUSDC_INV,MASKUSDT,USDCUSDT_INV
USDC,DOLO,USDT,DOLOUSDC_INV,DOLOUSDT,USDCUSDT_INV
USDC,MET,USDT,METUSDC_INV,METUSDT,USDCUSDT_INV
USDC,BLUR,USDT,BLURUSDC_INV,BLURUSDT,USDCUSDT_INV
USDC,PENGU,USDT,PENGUUSDC_INV,PENGUUSDT,USDCUSDT_INV
USDC,TREE,USDT,TREEUSDC_INV,TREEUSDT,USDCUSDT_INV
USDC,PARTI,USDT,PARTIUSDC_INV,PARTIUSDT,USDCUSDT_INV
USDC,IDEX,USDT,IDEXUSDC_INV,IDEXUSDT,USDCUSDT_INV
USDC,RENDER,USDT,RENDERUSDC_INV,RENDERUSDT,USDCUSDT_INV
USDC,ALCH,USDT,ALCHUSDC_INV,ALCHUSDT,USDCUSDT_INV
USDC,WIF,USDT,WIFUSDC_INV,WIFUSDT,USDCUSDT_INV
USDC,JUP,USDT,JUPUSDC_INV,JUPUSDT,USDCUSDT_INV
USDC,HEMI,USDT,HEMIUSDC_INV,HEMIUSDT,USDCUSDT_INV
USDC,A,USDT,AUSDC_INV,AUSDT,USDCUSDT_INV
USDC,ARB,USDT,ARBUSDC_INV,ARBUSDT,USDCUSDT_INV
USDC,CGN,USDT,CGNUSDC_INV,CGNUSDT,USDCUSDT_INV
USDC,DOGS,USDT,DOGSUSDC_INV,DOGSUSDT,USDCUSDT_INV
USDC,PIXEL,USDT,PIXELUSDC_INV,PIXELUSDT,USDCUSDT_INV
USDC,ZBT,USDT,ZBTUSDC_INV,ZBTUSDT,USDCUSDT_INV
USDC,MELANIA,USDT,MELANIAUSDC_INV,MELANIAUSDT,USDCUSDT_INV
USDC,STABLE,USDT,STABLEUSDC_INV,STABLEUSDT,USDCUSDT_INV
USDC,XDC,USDT,XDCUSDC_INV,XDCUSDT,USDCUSDT_INV
USDC,ZK,USDT,ZKUSDC_INV,ZKUSDT,USDCUSDT_INV
USDC,SAHARA,USDT,SAHARAUSDC_INV,SAHARAUSDT,USDCUSDT_INV
USDC,ACT,USDT,ACTUSDC_INV,ACTUSDT,USDCUSDT_INV
USDC,IP,USDT,IPUSDC_INV,IPUSDT,USDCUSDT_INV
USDC,SOMI,USDT,SOMIUSDC_INV,SOMIUSDT,USDCUSDT_INV
USDC,STO,USDT,STOUSDC_INV,STOUSDT,USDCUSDT_INV
USDC,MEME,USDT,MEMEUSDC_INV,MEMEUSDT,USDCUSDT_INV
USDC,BMT,USDT,BMTUSDC_INV,BMTUSDT,USDCUSDT_INV
USDC,0G,USDT,0GUSDC_INV,0GUSDT,USDCUSDT_INV
USDC,GAIB,USDT,GAIBUSDC_INV,GAIBUSDT,USDCUSDT_INV
USDC,BANANA,USDT,BANANAUSDC_INV,BANANAUSDT,USDCUSDT_INV
USDC,REZ,USDT,REZUSDC_INV,REZUSDT,USDCUSDT_INV
USDC,MMT,USDT,MMTUSDC_INV,MMTUSDT,USDCUSDT_INV
USDC,EUR,USDT,USDCEUR,EURUSDT,USDCUSDT_INV
USDC,SUPRA,USDT,SUPRAUSDC_INV,SUPRAUSDT,USDCUSDT_INV
USDC,ONDO,USDT,ONDOUSDC_INV,ONDOUSDT,USDCUSDT_INV
USDC,LINEA,USDT,LINEAUSDC_INV,LINEAUSDT,USDCUSDT_INV
USDC,AT,USDT,ATUSDC_INV,ATUSDT,USDCUSDT_INV
USDC,CVX,USDT,CVXUSDC_INV,CVXUSDT,USDCUSDT_INV
USDC,SAGA,USDT,SAGAUSDC_INV,SAGAUSDT,USDCUSDT_INV
USDC,GRIFFAIN,USDT,GRIFFAINUSDC_INV,GRIFFAINUSDT,USDCUSDT_INV
USDC,YGG,USDT,YGGUSDC_INV,YGGUSDT,USDCUSDT_INV
USDC,PROVE,USDT,PROVEUSDC_INV,PROVEUSDT,USDCUSDT_INV
USDC,KERNEL,USDT,KERNELUSDC_INV,KERNELUSDT,USDCUSDT_INV
USDC,HMSTR,USDT,HMSTRUSDC_INV,HMSTRUSDT,USDCUSDT_INV
USDC,IMX,USDT,IMXUSDC_INV,IMXUSDT,USDCUSDT_INV
USDC,ERA,USDT,ERAUSDC_INV,ERAUSDT,USDCUSDT_INV
USDC,XCN,USDT,XCNUSDC_INV,XCNUSDT,USDCUSDT_INV
USDC,CYBER,USDT,CYBERUSDC_INV,CYBERUSDT,USDCUSDT_INV
USDC,STX,USDT,STXUSDC_INV,STXUSDT,USDCUSDT_INV
USDC,COMP,USDT,COMPUSDC_INV,COMPUSDT,USDCUSDT_INV
USDC,CKB,USDT,CKBUSDC_INV,CKBUSDT,USDCUSDT_INV
USDC,ENA,USDT,ENAUSDC_INV,ENAUSDT,USDCUSDT_INV
USDC,ZBCN,USDT,ZBCNUSDC_INV,ZBCNUSDT,USDCUSDT_INV
USDC,GMX,USDT,GMXUSDC_INV,GMXUSDT,USDCUSDT_INV
USDC,KMNO,USDT,KMNOUSDC_INV,KMNOUSDT,USDCUSDT_INV
USDC,BABYDOGE,USDT,BABYDOGEUSDC_INV,BABYDOGEUSDT,USDCUSDT_INV
USDC,RED,USDT,REDUSDC_INV,REDUSDT,USDCUSDT_INV
USDC,ARKM,USDT,ARKMUSDC_INV,ARKMUSDT,USDCUSDT_INV
USDC,ENJ,USDT,ENJUSDC_INV,ENJUSDT,USDCUSDT_INV
USDC,SIGN,USDT,SIGNUSDC_INV,SIGNUSDT,USDCUSDT_INV
USDC,CHZ,USDT,CHZUSDC_INV,CHZUSDT,USDCUSDT_INV
USDC,C,USDT,CUSDC_INV,CUSDT,USDCUSDT_INV
USDC,YB,USDT,YBUSDC_INV,YBUSDT,USDCUSDT_INV
USDC,JELLYJELLY,USDT,JELLYJELLYUSDC_INV,JELLYJELLYUSDT,USDCUSDT_INV
USDC,BIO,USDT,BIOUSDC_INV,BIOUSDT,USDCUSDT_INV
USDC,XVG,USDT,XVGUSDC_INV,XVGUSDT,USDCUSDT_INV
USDC,VELODROME,USDT,VELODROMEUSDC_INV,VELODROMEUSDT,USDCUSDT_INV
USDC,IRYS,USDT,IRYSUSDC_INV,IRYSUSDT,USDCUSDT_INV
USDC,XPL,USDT,XPLUSDC_INV,XPLUSDT,USDCUSDT_INV
USDC,CHESS,USDT,CHESSUSDC_INV,CHESSUSDT,USDCUSDT_INV
USDC,AEVO,USDT,AEVOUSDC_INV,AEVOUSDT,USDCUSDT_INV
USDC,EPIC,USDT,EPICUSDC_INV,EPICUSDT,USDCUSDT_INV
USDC,HBAR,USDT,HBARUSDC_INV,HBARUSDT,USDCUSDT_INV
USDC,SUI,USDT,SUIUSDC_INV,SUIUSDT,USDCUSDT_INV
USDC,NPC,USDT,NPCUSDC_INV,NPCUSDT,USDCUSDT_INV
USDC,NMR,USDT,NMRUSDC_INV,NMRUSDT,USDCUSDT_INV
USDC,1INCH,USDT,1INCHUSDC_INV,1INCHUSDT,USDCUSDT_INV
USDC,COTI,USDT,COTIUSDC_INV,COTIUSDT,USDCUSDT_INV
USDC,PEPE,USDT,PEPEUSDC_INV,PEPEUSDT,USDCUSDT_INV
USDC,DASH,USDT,DASHUSDC_INV,DASHUSDT,USDCUSDT_INV
USDC,LPT,USDT,LPTUSDC_INV,LPTUSDT,USDCUSDT_INV
USDC,LA,USDT,LAUSDC_INV,LAUSDT,USDCUSDT_INV
USDC,WCT,USDT,WCTUSDC_INV,WCTUSDT,USDCUSDT_INV
USDC,NOT,USDT,NOTUSDC_INV,NOTUSDT,USDCUSDT_INV
USDC,SKATE,USDT,SKATEUSDC_INV,SKATEUSDT,USDCUSDT_INV
USDC,MAGIC,USDT,MAGICUSDC_INV,MAGICUSDT,USDCUSDT_INV
USDC,SUSHI,USDT,SUSHIUSDC_INV,SUSHIUSDT,USDCUSDT_INV
USDC,KITE,USDT,KITEUSDC_INV,KITEUSDT,USDCUSDT_INV
USDC,TOWNS,USDT,TOWNSUSDC_INV,TOWNSUSDT,USDCUSDT_INV
USDC,CC,USDT,CCUSDC_INV,CCUSDT,USDCUSDT_INV
USDC,GALA,USDT,GALAUSDC_INV,GALAUSDT,USDCUSDT_INV
USDC,AGT,USDT,AGTUSDC_INV,AGTUSDT,USDCUSDT_INV
USDC,PEAQ,USDT,PEAQUSDC_INV,PEAQUSDT,USDCUSDT_INV
USDC,HYPE,USDT,HYPEUSDC_INV,HYPEUSDT,USDCUSDT_INV
USDC,SAPIEN,USDT,SAPIENUSDC_INV,SAPIENUSDT,USDCUSDT_INV
USDC,OPEN,USDT,OPENUSDC_INV,OPENUSDT,USDCUSDT_INV
USDC,TIA,USDT,TIAUSDC_INV,TIAUSDT,USDCUSDT_INV
USDC,DOOD,USDT,DOODUSDC_INV,DOODUSDT,USDCUSDT_INV
USDC,ILV,USDT,ILVUSDC_INV,ILVUSDT,USDCUSDT_INV
USDC,BOME,USDT,BOMEUSDC_INV,BOMEUSDT,USDCUSDT_INV
USDC,TNSR,USDT,TNSRUSDC_INV,TNSRUSDT,USDCUSDT_INV
USDC,SKY,USDT,SKYUSDC_INV,SKYUSDT,USDCUSDT_INV
USDC,BONK,USDT,BONKUSDC_INV,BONKUSDT,USDCUSDT_INV
USDC,IO,USDT,IOUSDC_INV,IOUSDT,USDCUSDT_INV
USDC,QUBIC,USDT,QUBICUSDC_INV,QUBICUSDT,USDCUSDT_INV
USDC,ASTER,USDT,ASTERUSDC_INV,ASTERUSDT,USDCUSDT_INV
USDC,PI,USDT,PIUSDC_INV,PIUSDT,USDCUSDT_INV
TST,USDC,USDT,TSTUSDC,USDCUSDT,TSTUSDT_INV
TST,USDT,USDC,TSTUSDT,USDCUSDT_INV,TSTUSDC_INV
PENDLE,USDC,USDT,PENDLEUSDC,USDCUSDT,PENDLEUSDT_INV
PENDLE,USDT,USDC,PENDLEUSDT,USDCUSDT_INV,PENDLEUSDC_INV
GRT,USDT,USDC,GRTUSDT,USDCUSDT_INV,GRTUSDC_INV
GRT,USDC,USDT,GRTUSDC,USDCUSDT,GRTUSDT_INV
ORCA,USDT,USDC,ORCAUSDT,USDCUSDT_INV,ORCAUSDC_INV
ORCA,USDC,USDT,ORCAUSDC,USDCUSDT,ORCAUSDT_INV
SAND,USDC,USDT,SANDUSDC,USDCUSDT,SANDUSDT_INV
SAND,USDT,USDC,SANDUSDT,USDCUSDT_INV,SANDUSDC_INV
SPX,USDC,USDT,SPXUSDC,USDCUSDT,SPXUSDT_INV
SPX,USDT,USDC,SPXUSDT,USDCUSDT_INV,SPXUSDC_INV
H,USDC,USDT,HUSDC,USDCUSDT,HUSDT_INV
H,USDT,USDC,HUSDT,USDCUSDT_INV,HUSDC_INV
BIO,USDC,USDT,BIOUSDC,USDCUSDT,BIOUSDT_INV
BIO,USDT,USDC,BIOUSDT,USDCUSDT_INV,BIOUSDC_INV
C,USDT,USDC,CUSDT,USDCUSDT_INV,CUSDC_INV
C,USDC,USDT,CUSDC,USDCUSDT,CUSDT_INV
XAI,USDT,USDC,XAIUSDT,USDCUSDT_INV,XAIUSDC_INV
XAI,USDC,USDT,XAIUSDC,USDCUSDT,XAIUSDT_INV
ANKR,USDT,BTC,ANKRUSDT,BTCUSDT_INV,ANKRBTC_INV
ANKR,BTC,USDT,ANKRBTC,BTCUSDT,ANKRUSDT_INV
MAGIC,USDT,USDC,MAGICUSDT,USDCUSDT_INV,MAGICUSDC_INV
MAGIC,USDC,USDT,MAGICUSDC,USDCUSDT,MAGICUSDT_INV
CRV,ETH,USDT,CRVETH,ETHUSDT,CRVUSDT_INV
CRV,USDC,USDT,CRVUSDC,USDCUSDT,CRVUSDT_INV
CRV,USDT,ETH,CRVUSDT,ETHUSDT_INV,CRVETH_INV
CRV,USDT,USDC,CRVUSDT,USDCUSDT_INV,CRVUSDC_INV
NOT,USDT,USDC,NOTUSDT,USDCUSDT_INV,NOTUSDC_INV
NOT,USDC,USDT,NOTUSDC,USDCUSDT,NOTUSDT_INV
HMSTR,USDT,USDC,HMSTRUSDT,USDCUSDT_INV,HMSTRUSDC_INV
HMSTR,USDC,USDT,HMSTRUSDC,USDCUSDT,HMSTRUSDT_INV
CVX,USDC,USDT,CVXUSDC,USDCUSDT,CVXUSDT_INV
CVX,USDT,USDC,CVXUSDT,USDCUSDT_INV,CVXUSDC_INV
PROVE,USDC,USDT,PROVEUSDC,USDCUSDT,PROVEUSDT_INV
PROVE,USDT,USDC,PROVEUSDT,USDCUSDT_INV,PROVEUSDC_INV
SAPIEN,USDC,USDT,SAPIENUSDC,USDCUSDT,SAPIENUSDT_INV
SAPIEN,USDT,USDC,SAPIENUSDT,USDCUSDT_INV,SAPIENUSDC_INV
DOOD,USDT,USDC,DOODUSDT,USDCUSDT_INV,DOODUSDC_INV
DOOD,USDC,USDT,DOODUSDC,USDCUSDT,DOODUSDT_INV
ZK,USDT,USDC,ZKUSDT,USDCUSDT_INV,ZKUSDC_INV
ZK,USDC,USDT,ZKUSDC,USDCUSDT,ZKUSDT_INV
QNT,USDC,USDT,QNTUSDC,USDCUSDT,QNTUSDT_INV
QNT,USDT,USDC,QNTUSDT,USDCUSDT_INV,QNTUSDC_INV
BANK,USDT,USD1,BANKUSDT,USD1USDT_INV,BANKUSD1_INV
BANK,USDT,USDC,BANKUSDT,USDCUSDT_INV,BANKUSDC_INV
BANK,USD1,USDT,BANKUSD1,USD1USDT,BANKUSDT_INV
BANK,USDC,USDT,BANKUSDC,USDCUSDT,BANKUSDT_INV
MELANIA,USDC,USDT,MELANIAUSDC,USDCUSDT,MELANIAUSDT_INV
MELANIA,EUR,USDT,MELANIAEUR,EURUSDT,MELANIAUSDT_INV
MELANIA,USD1,USDT,MELANIAUSD1,USD1USDT,MELANIAUSDT_INV
MELANIA,USDT,USDC,MELANIAUSDT,USDCUSDT_INV,MELANIAUSDC_INV
MELANIA,USDT,EUR,MELANIAUSDT,EURUSDT_INV,MELANIAEUR_INV
MELANIA,USDT,USD1,MELANIAUSDT,USD1USDT_INV,MELANIAUSD1_INV
ATOM,BTC,USDT,ATOMBTC,BTCUSDT,ATOMUSDT_INV
ATOM,USDT,BTC,ATOMUSDT,BTCUSDT_INV,ATOMBTC_INV
QUBIC,USDT,USDC,QUBICUSDT,USDCUSDT_INV,QUBICUSDC_INV
QUBIC,USDC,USDT,QUBICUSDC,USDCUSDT,QUBICUSDT_INV
SUPRA,USDC,USDT,SUPRAUSDC,USDCUSDT,SUPRAUSDT_INV
SUPRA,USDT,USDC,SUPRAUSDT,USDCUSDT_INV,SUPRAUSDC_INV
PENGU,USDC,USDT,PENGUUSDC,USDCUSDT,PENGUUSDT_INV
PENGU,USDT,USDC,PENGUUSDT,USDCUSDT_INV,PENGUUSDC_INV
CHESS,USDT,USDC,CHESSUSDT,USDCUSDT_INV,CHESSUSDC_INV
CHESS,USDC,USDT,CHESSUSDC,USDCUSDT,CHESSUSDT_INV
TREE,USDT,USDC,TREEUSDT,USDCUSDT_INV,TREEUSDC_INV
TREE,USDC,USDT,TREEUSDC,USDCUSDT,TREEUSDT_INV
XPL,USDC,USDT,XPLUSDC,USDCUSDT,XPLUSDT_INV
XPL,USDT,USDC,XPLUSDT,USDCUSDT_INV,XPLUSDC_INV
BARD,USDT,USDC,BARDUSDT,USDCUSDT_INV,BARDUSDC_INV
BARD,USDC,USDT,BARDUSDC,USDCUSDT,BARDUSDT_INV
OM,USDC,USDT,OMUSDC,USDCUSDT,OMUSDT_INV
OM,USDT,USDC,OMUSDT,USDCUSDT_INV,OMUSDC_INV
PIPPIN,USDT,USDC,PIPPINUSDT,USDCUSDT_INV,PIPPINUSDC_INV
PIPPIN,USDC,USDT,PIPPINUSDC,USDCUSDT,PIPPINUSDT_INV
ILV,USDC,USDT,ILVUSDC,USDCUSDT,ILVUSDT_INV
ILV,USDT,USDC,ILVUSDT,USDCUSDT_INV,ILVUSDC_INV
BRL,MX,USDT,MXBRL_INV,MXUSDT,BRLUSDT_INV
BRL,USDT,VINE,BRLUSDT,VINEUSDT_INV,VINEBRL
BRL,USDT,XRP,BRLUSDT,XRPUSDT_INV,XRPBRL
BRL,USDT,MX,BRLUSDT,MXUSDT_INV,MXBRL
BRL,USDT,USDC,BRLUSDT,USDCUSDT_INV,USDCBRL
BRL,USDT,ETH,BRLUSDT,ETHUSDT_INV,ETHBRL
BRL,USDT,BTC,BRLUSDT,BTCUSDT_INV,BTCBRL
BRL,USDT,SOL,BRLUSDT,SOLUSDT_INV,SOLBRL
BRL,BTC,USDT,BTCBRL_INV,BTCUSDT,BRLUSDT_INV
BRL,USDC,USDT,USDCBRL_INV,USDCUSDT,BRLUSDT_INV
BRL,VINE,USDT,VINEBRL_INV,VINEUSDT,BRLUSDT_INV
BRL,XRP,USDT,XRPBRL_INV,XRPUSDT,BRLUSDT_INV
BRL,SOL,USDT,SOLBRL_INV,SOLUSDT,BRLUSDT_INV
BRL,ETH,USDT,ETHBRL_INV,ETHUSDT,BRLUSDT_INV
BEAMX,USDC,USDT,BEAMXUSDC,USDCUSDT,BEAMXUSDT_INV
BEAMX,USDT,USDC,BEAMXUSDT,USDCUSDT_INV,BEAMXUSDC_INV
WBTC,USDT,BTC,WBTCUSDT,BTCUSDT_INV,WBTCBTC_INV
WBTC,BTC,USDT,WBTCBTC,BTCUSDT,WBTCUSDT_INV
SEI,USDC,USDT,SEIUSDC,USDCUSDT,SEIUSDT_INV
SEI,USDT,USDC,SEIUSDT,USDCUSDT_INV,SEIUSDC_INV
PARTI,USDC,USDT,PARTIUSDC,USDCUSDT,PARTIUSDT_INV
PARTI,USDT,USDC,PARTIUSDT,USDCUSDT_INV,PARTIUSDC_INV
ZKC,USDT,USDC,ZKCUSDT,USDCUSDT_INV,ZKCUSDC_INV
ZKC,USDC,USDT,ZKCUSDC,USDCUSDT,ZKCUSDT_INV
