start,mid1,mid2,end,leg1_symbol,leg1_action,leg1_price,leg1_from,leg1_to,leg2_symbol,leg2_action,leg2_price,leg2_from,leg2_to,leg3_symbol,leg3_action,leg3_price,leg3_from,leg3_to
USDT,USDC,0G,USDT,USDCUSDT,BUY,ASK,USDT,USDC,0GUSDC,BUY,ASK,USDC,0G,0GUSDT,SELL,BID,0G,USDT
USDT,0G,USDC,USDT,0GUSDT,BUY,ASK,USDT,0G,0GUSDC,SELL,BID,0G,USDC,USDCUSDT,SELL,BID,USDC,USDT
USDT,USDC,1DOLLAR,USDT,USDCUSDT,BUY,ASK,USDT,USDC,1DOLLARUSDC,BUY,ASK,USDC,1DOLLAR,1DOLLARUSDT,SELL,BID,1DOLLAR,USDT
USDT,1DOLLAR,USDC,USDT,1DOLLARUSDT,BUY,ASK,USDT,1DOLLAR,1DOLLARUSDC,SELL,BID,1DOLLAR,USDC,USDCUSDT,SELL,BID,USDC,USDT
USDT,USDC,1INCH,USDT,USDCUSDT,BUY,ASK,USDT,USDC,1INCHUSDC,BUY,ASK,USDC,1INCH,1INCHUSDT,SELL,BID,1INCH,USDT
USDT,1INCH,USDC,USDT,1INCHUSDT,BUY,ASK,USDT,1INCH,1INCHUSDC,SELL,BID,1INCH,USDC,USDCUSDT,SELL,BID,USDC,USDT
USDT,BTC,A,USDT,BTCUSDT,BUY,ASK,USDT,BTC,ABTC,BUY,ASK,BTC,A,AUSDT,SELL,BID,A,USDT
USDT,A,BTC,USDT,AUSDT,BUY,ASK,USDT,A,ABTC,SELL,BID,A,BTC,BTCUSDT,SELL,BID,BTC,USDT
USDT,USDC,A,USDT,USDCUSDT,BUY,ASK,USDT,USDC,AUSDC,BUY,ASK,USDC,A,AUSDT,SELL,BID,A,USDT
USDT,A,USDC,USDT,AUSDT,BUY,ASK,USDT,A,AUSDC,SELL,BID,A,USDC,USDCUSDT,SELL,BID,USDC,USDT
USDT,USDC,ACH,USDT,USDCUSDT,BUY,ASK,USDT,USDC,ACHUSDC,BUY,ASK,USDC,ACH,ACHUSDT,SELL,BID,ACH,USDT
USDT,ACH,USDC,USDT,ACHUSDT,BUY,ASK,USDT,ACH,ACHUSDC,SELL,BID,ACH,USDC,USDCUSDT,SELL,BID,USDC,USDT
USDT,USDC,ACT,USDT,USDCUSDT,BUY,ASK,USDT,USDC,ACTUSDC,BUY,ASK,USDC,ACT,ACTUSDT,SELL,BID,ACT,USDT
USDT,ACT,USDC,USDT,ACTUSDT,BUY,ASK,USDT,ACT,ACTUSDC,SELL,BID,ACT,USDC,USDCUSDT,SELL,BID,USDC,USDT
USDT,EUR,ADA,USDT,EURUSDT,BUY,ASK,USDT,EUR,ADAEUR,BUY,ASK,EUR,ADA,ADAUSDT,SELL,BID,ADA,USDT
USDT,ADA,EUR,USDT,ADAUSDT,BUY,ASK,USDT,ADA,ADAEUR,SELL,BID,ADA,EUR,EURUSDT,SELL,BID,EUR,USDT
USDT,USDC,AERGO,USDT,USDCUSDT,BUY,ASK,USDT,USDC,AERGOUSDC,BUY,ASK,USDC,AERGO,AERGOUSDT,SELL,BID,AERGO,USDT
USDT,AERGO,USDC,USDT,AERGOUSDT,BUY,ASK,USDT,AERGO,AERGOUSDC,SELL,BID,AERGO,USDC,USDCUSDT,SELL,BID,USDC,USDT
USDT,USDC,AEVO,USDT,USDCUSDT,BUY,ASK,USDT,USDC,AEVOUSDC,BUY,ASK,USDC,AEVO,AEVOUSDT,SELL,BID,AEVO,USDT
USDT,AEVO,USDC,USDT,AEVOUSDT,BUY,ASK,USDT,AEVO,AEVOUSDC,SELL,BID,AEVO,USDC,USDCUSDT,SELL,BID,USDC,USDT
USDT,USDC,AGT,USDT,USDCUSDT,BUY,ASK,USDT,USDC,AGTUSDC,BUY,ASK,USDC,AGT,AGTUSDT,SELL,BID,AGT,USDT
USDT,AGT,USDC,USDT,AGTUSDT,BUY,ASK,USDT,AGT,AGTUSDC,SELL,BID,AGT,USDC,USDCUSDT,SELL,BID,USDC,USDT
USDT,USDC,AIOT,USDT,USDCUSDT,BUY,ASK,USDT,USDC,AIOTUSDC,BUY,ASK,USDC,AIOT,AIOTUSDT,SELL,BID,AIOT,USDT
USDT,AIOT,USDC,USDT,AIOTUSDT,BUY,ASK,USDT,AIOT,AIOTUSDC,SELL,BID,AIOT,USDC,USDCUSDT,SELL,BID,USDC,USDT
USDT,USDC,AIXBT,USDT,USDCUSDT,BUY,ASK,USDT,USDC,AIXBTUSDC,BUY,ASK,USDC,AIXBT,AIXBTUSDT,SELL,BID,AIXBT,USDT
USDT,AIXBT,USDC,USDT,AIXBTUSDT,BUY,ASK,USDT,AIXBT,AIXBTUSDC,SELL,BID,AIXBT,USDC,USDCUSDT,SELL,BID,USDC,USDT
USDT,USDC,ALCH,USDT,USDCUSDT,BUY,ASK,USDT,USDC,ALCHUSDC,BUY,ASK,USDC,ALCH,ALCHUSDT,SELL,BID,ALCH,USDT
USDT,ALCH,USDC,USDT,ALCHUSDT,BUY,ASK,USDT,ALCH,ALCHUSDC,SELL,BID,ALCH,USDC,USDCUSDT,SELL,BID,USDC,USDT
USDT,USDC,ALLO,USDT,USDCUSDT,BUY,ASK,USDT,USDC,ALLOUSDC,BUY,ASK,USDC,ALLO,ALLOUSDT,SELL,BID,ALLO,USDT
USDT,ALLO,USDC,USDT,ALLOUSDT,BUY,ASK,USDT,ALLO,ALLOUSDC,SELL,BID,ALLO,USDC,USDCUSDT,SELL,BID,USDC,USDT
USDT,BTC,ANKR,USDT,BTCUSDT,BUY,ASK,USDT,BTC,ANKRBTC,BUY,ASK,BTC,ANKR,ANKRUSDT,SELL,BID,ANKR,USDT
USDT,ANKR,BTC,USDT,ANKRUSDT,BUY,ASK,USDT,ANKR,ANKRBTC,SELL,BID,ANKR,BTC,BTCUSDT,SELL,BID,BTC,USDT
USDT,USDC,API3,USDT,USDCUSDT,BUY,ASK,USDT,USDC,API3USDC,BUY,ASK,USDC,API3,API3USDT,SELL,BID,API3,USDT
USDT,API3,USDC,USDT,API3USDT,BUY,ASK,USDT,API3,API3USDC,SELL,BID,API3,USDC,USDCUSDT,SELL,BID,USDC,USDT
USDT,USDC,APR,USDT,USDCUSDT,BUY,ASK,USDT,USDC,APRUSDC,BUY,ASK,USDC,APR,APRUSDT,SELL,BID,APR,USDT
USDT,APR,USDC,USDT,APRUSDT,BUY,ASK,USDT,APR,APRUSDC,SELL,BID,APR,USDC,USDCUSDT,SELL,BID,USDC,USDT
USDT,USDC,APT,USDT,USDCUSDT,BUY,ASK,USDT,USDC,APTUSDC,BUY,ASK,USDC,APT,APTUSDT,SELL,BID,APT,USDT
USDT,APT,USDC,USDT,APTUSDT,BUY,ASK,USDT,APT,APTUSDC,SELL,BID,APT,USDC,USDCUSDT,SELL,BID,USDC,USDT
USDT,ETH,AR,USDT,ETHUSDT,BUY,ASK,USDT,ETH,ARETH,BUY,ASK,ETH,AR,ARUSDT,SELL,BID,AR,USDT
USDT,AR,ETH,USDT,ARUSDT,BUY,ASK,USDT,AR,ARETH,SELL,BID,AR,ETH,ETHUSDT,SELL,BID,ETH,USDT
USDT,USDC,AR,USDT,USDCUSDT,BUY,ASK,USDT,USDC,ARUSDC,BUY,ASK,USDC,AR,ARUSDT,SELL,BID,AR,USDT
USDT,AR,USDC,USDT,ARUSDT,BUY,ASK,USDT,AR,ARUSDC,SELL,BID,AR,USDC,USDCUSDT,SELL,BID,USDC,USDT
USDT,USDC,ARB,USDT,USDCUSDT,BUY,ASK,USDT,USDC,ARBUSDC,BUY,ASK,USDC,ARB,ARBUSDT,SELL,BID,ARB,USDT
USDT,ARB,USDC,USDT,ARBUSDT,BUY,ASK,USDT,ARB,ARBUSDC,SELL,BID,ARB,USDC,USDCUSDT,SELL,BID,USDC,USDT
USDT,USDC,ARKM,USDT,USDCUSDT,BUY,ASK,USDT,USDC,ARKMUSDC,BUY,ASK,USDC,ARKM,ARKMUSDT,SELL,BID,ARKM,USDT
USDT,ARKM,USDC,USDT,ARKMUSDT,BUY,ASK,USDT,ARKM,ARKMUSDC,SELL,BID,ARKM,USDC,USDCUSDT,SELL,BID,USDC,USDT
USDT,USDC,ART,USDT,USDCUSDT,BUY,ASK,USDT,USDC,ARTUSDC,BUY,ASK,USDC,ART,ARTUSDT,SELL,BID,ART,USDT
USDT,ART,USDC,USDT,ARTUSDT,BUY,ASK,USDT,ART,ARTUSDC,SELL,BID,ART,USDC,USDCUSDT,SELL,BID,USDC,USDT
USDT,USDC,ASTER,USDT,USDCUSDT,BUY,ASK,USDT,USDC,ASTERUSDC,BUY,ASK,USDC,ASTER,ASTERUSDT,SELL,BID,ASTER,USDT
USDT,ASTER,USDC,USDT,ASTERUSDT,BUY,ASK,USDT,ASTER,ASTERUSDC,SELL,BID,ASTER,USDC,USDCUSDT,SELL,BID,USDC,USDT
USDT,USDC,AT,USDT,USDCUSDT,BUY,ASK,USDT,USDC,ATUSDC,BUY,ASK,USDC,AT,ATUSDT,SELL,BID,AT,USDT
USDT,AT,USDC,USDT,ATUSDT,BUY,ASK,USDT,AT,ATUSDC,SELL,BID,AT,USDC,USDCUSDT,SELL,BID,USDC,USDT
USDT,BTC,ATOM,USDT,BTCUSDT,BUY,ASK,USDT,BTC,ATOMBTC,BUY,ASK,BTC,ATOM,ATOMUSDT,SELL,BID,ATOM,USDT
USDT,ATOM,BTC,USDT,ATOMUSDT,BUY,ASK,USDT,ATOM,ATOMBTC,SELL,BID,ATOM,BTC,BTCUSDT,SELL,BID,BTC,USDT
USDT,EUR,AVAX,USDT,EURUSDT,BUY,ASK,USDT,EUR,AVAXEUR,BUY,ASK,EUR,AVAX,AVAXUSDT,SELL,BID,AVAX,USDT
USDT,AVAX,EUR,USDT,AVAXUSDT,BUY,ASK,USDT,AVAX,AVAXEUR,SELL,BID,AVAX,EUR,EURUSDT,SELL,BID,EUR,USDT
USDT,USDC,AVNT,USDT,USDCUSDT,BUY,ASK,USDT,USDC,AVNTUSDC,BUY,ASK,USDC,AVNT,AVNTUSDT,SELL,BID,AVNT,USDT
USDT,AVNT,USDC,USDT,AVNTUSDT,BUY,ASK,USDT,AVNT,AVNTUSDC,SELL,BID,AVNT,USDC,USDCUSDT,SELL,BID,USDC,USDT
USDT,USD1,B,USDT,USD1USDT,BUY,ASK,USDT,USD1,BUSD1,BUY,ASK,USD1,B,BUSDT,SELL,BID,B,USDT
USDT,B,USD1,USDT,BUSDT,BUY,ASK,USDT,B,BUSD1,SELL,BID,B,USD1,USD1USDT,SELL,BID,USD1,USDT
USDT,USDC,B2,USDT,USDCUSDT,BUY,ASK,USDT,USDC,B2USDC,BUY,ASK,USDC,B2,B2USDT,SELL,BID,B2,USDT
USDT,B2,USDC,USDT,B2USDT,BUY,ASK,USDT,B2,B2USDC,SELL,BID,B2,USDC,USDCUSDT,SELL,BID,USDC,USDT
USDT,USDC,BABY,USDT,USDCUSDT,BUY,ASK,USDT,USDC,BABYUSDC,BUY,ASK,USDC,BABY,BABYUSDT,SELL,BID,BABY,USDT
USDT,BABY,USDC,USDT,BABYUSDT,BUY,ASK,USDT,BABY,BABYUSDC,SELL,BID,BABY,USDC,USDCUSDT,SELL,BID,USDC,USDT
USDT,USDC,BABYDOGE,USDT,USDCUSDT,BUY,ASK,USDT,USDC,BABYDOGEUSDC,BUY,ASK,USDC,BABYDOGE,BABYDOGEUSDT,SELL,BID,BABYDOGE,USDT
USDT,BABYDOGE,USDC,USDT,BABYDOGEUSDT,BUY,ASK,USDT,BABYDOGE,BABYDOGEUSDC,SELL,BID,BABYDOGE,USDC,USDCUSDT,SELL,BID,USDC,USDT
USDT,USDC,BANANA,USDT,USDCUSDT,BUY,ASK,USDT,USDC,BANANAUSDC,BUY,ASK,USDC,BANANA,BANANAUSDT,SELL,BID,BANANA,USDT
USDT,BANANA,USDC,USDT,BANANAUSDT,BUY,ASK,USDT,BANANA,BANANAUSDC,SELL,BID,BANANA,USDC,USDCUSDT,SELL,BID,USDC,USDT
USDT,USDC,BANANAS31,USDT,USDCUSDT,BUY,ASK,USDT,USDC,BANANAS31USDC,BUY,ASK,USDC,BANANAS31,BANANAS31USDT,SELL,BID,BANANAS31,USDT
USDT,BANANAS31,USDC,USDT,BANANAS31USDT,BUY,ASK,USDT,BANANAS31,BANANAS31USDC,SELL,BID,BANANAS31,USDC,USDCUSDT,SELL,BID,USDC,USDT
USDT,USD1,BANK,USDT,USD1USDT,BUY,ASK,USDT,USD1,BANKUSD1,BUY,ASK,USD1,BANK,BANKUSDT,SELL,BID,BANK,USDT
USDT,BANK,USD1,USDT,BANKUSDT,BUY,ASK,USDT,BANK,BANKUSD1,SELL,BID,BANK,USD1,USD1USDT,SELL,BID,USD1,USDT
USDT,USDC,BANK,USDT,USDCUSDT,BUY,ASK,USDT,USDC,BANKUSDC,BUY,ASK,USDC,BANK,BANKUSDT,SELL,BID,BANK,USDT
USDT,BANK,USDC,USDT,BANKUSDT,BUY,ASK,USDT,BANK,BANKUSDC,SELL,BID,BANK,USDC,USDCUSDT,SELL,BID,USDC,USDT
USDT,USDC,BARD,USDT,USDCUSDT,BUY,ASK,USDT,USDC,BARDUSDC,BUY,ASK,USDC,BARD,BARDUSDT,SELL,BID,BARD,USDT
USDT,BARD,USDC,USDT,BARDUSDT,BUY,ASK,USDT,BARD,BARDUSDC,SELL,BID,BARD,USDC,USDCUSDT,SELL,BID,USDC,USDT
USDT,BTC,BCH,USDT,BTCUSDT,BUY,ASK,USDT,BTC,BCHBTC,BUY,ASK,BTC,BCH,BCHUSDT,SELL,BID,BCH,USDT
USDT,BCH,BTC,USDT,BCHUSDT,BUY,ASK,USDT,BCH,BCHBTC,SELL,BID,BCH,BTC,BTCUSDT,SELL,BID,BTC,USDT
USDT,BTC,BDX,USDT,BTCUSDT,BUY,ASK,USDT,BTC,BDXBTC,BUY,ASK,BTC,BDX,BDXUSDT,SELL,BID,BDX,USDT
USDT,BDX,BTC,USDT,BDXUSDT,BUY,ASK,USDT,BDX,BDXBTC,SELL,BID,BDX,BTC,BTCUSDT,SELL,BID,BTC,USDT
USDT,USDC,BDXN,USDT,USDCUSDT,BUY,ASK,USDT,USDC,BDXNUSDC,BUY,ASK,USDC,BDXN,BDXNUSDT,SELL,BID,BDXN,USDT
USDT,BDXN,USDC,USDT,BDXNUSDT,BUY,ASK,USDT,BDXN,BDXNUSDC,SELL,BID,BDXN,USDC,USDCUSDT,SELL,BID,USDC,USDT
USDT,USDC,BEAMX,USDT,USDCUSDT,BUY,ASK,USDT,USDC,BEAMXUSDC,BUY,ASK,USDC,BEAMX,BEAMXUSDT,SELL,BID,BEAMX,USDT
USDT,BEAMX,USDC,USDT,BEAMXUSDT,BUY,ASK,USDT,BEAMX,BEAMXUSDC,SELL,BID,BEAMX,USDC,USDCUSDT,SELL,BID,USDC,USDT
USDT,USDC,BERA,USDT,USDCUSDT,BUY,ASK,USDT,USDC,BERAUSDC,BUY,ASK,USDC,BERA,BERAUSDT,SELL,BID,BERA,USDT
USDT,BERA,USDC,USDT,BERAUSDT,BUY,ASK,USDT,BERA,BERAUSDC,SELL,BID,BERA,USDC,USDCUSDT,SELL,BID,USDC,USDT
USDT,USDC,BKN,USDT,USDCUSDT,BUY,ASK,USDT,USDC,BKNUSDC,BUY,ASK,USDC,BKN,BKNUSDT,SELL,BID,BKN,USDT
USDT,BKN,USDC,USDT,BKNUSDT,BUY,ASK,USDT,BKN,BKNUSDC,SELL,BID,BKN,USDC,USDCUSDT,SELL,BID,USDC,USDT
USDT,USDC,BLESS,USDT,USDCUSDT,BUY,ASK,USDT,USDC,BLESSUSDC,BUY,ASK,USDC,BLESS,BLESSUSDT,SELL,BID,BLESS,USDT
USDT,BLESS,USDC,USDT,BLESSUSDT,BUY,ASK,USDT,BLESS,BLESSUSDC,SELL,BID,BLESS,USDC,USDCUSDT,SELL,BID,USDC,USDT
USDT,USDC,BLUM,USDT,USDCUSDT,BUY,ASK,USDT,USDC,BLUMUSDC,BUY,ASK,USDC,BLUM,BLUMUSDT,SELL,BID,BLUM,USDT
USDT,BLUM,USDC,USDT,BLUMUSDT,BUY,ASK,USDT,BLUM,BLUMUSDC,SELL,BID,BLUM,USDC,USDCUSDT,SELL,BID,USDC,USDT
USDT,USDC,BMT,USDT,USDCUSDT,BUY,ASK,USDT,USDC,BMTUSDC,BUY,ASK,USDC,BMT,BMTUSDT,SELL,BID,BMT,USDT
USDT,BMT,USDC,USDT,BMTUSDT,BUY,ASK,USDT,BMT,BMTUSDC,SELL,BID,BMT,USDC,USDCUSDT,SELL,BID,USDC,USDT
USDT,USDC,BOB,USDT,USDCUSDT,BUY,ASK,USDT,USDC,BOBUSDC,BUY,ASK,USDC,BOB,BOBUSDT,SELL,BID,BOB,USDT
USDT,BOB,USDC,USDT,BOBUSDT,BUY,ASK,USDT,BOB,BOBUSDC,SELL,BID,BOB,USDC,USDCUSDT,SELL,BID,USDC,USDT
USDT,USDC,BOMB,USDT,USDCUSDT,BUY,ASK,USDT,USDC,BOMBUSDC,BUY,ASK,USDC,BOMB,BOMBUSDT,SELL,BID,BOMB,USDT
USDT,BOMB,USDC,USDT,BOMBUSDT,BUY,ASK,USDT,BOMB,BOMBUSDC,SELL,BID,BOMB,USDC,USDCUSDT,SELL,BID,USDC,USDT
USDT,USDC,BOME,USDT,USDCUSDT,BUY,ASK,USDT,USDC,BOMEUSDC,BUY,ASK,USDC,BOME,BOMEUSDT,SELL,BID,BOME,USDT
USDT,BOME,USDC,USDT,BOMEUSDT,BUY,ASK,USDT,BOME,BOMEUSDC,SELL,BID,BOME,USDC,USDCUSDT,SELL,BID,USDC,USDT
USDT,USDC,BONK,USDT,USDCUSDT,BUY,ASK,USDT,USDC,BONKUSDC,BUY,ASK,USDC,BONK,BONKUSDT,SELL,BID,BONK,USDT
USDT,BONK,USDC,USDT,BONKUSDT,BUY,ASK,USDT,BONK,BONKUSDC,SELL,BID,BONK,USDC,USDCUSDT,SELL,BID,USDC,USDT
USDT,USDC,BOOM,USDT,USDCUSDT,BUY,ASK,USDT,USDC,BOOMUSDC,BUY,ASK,USDC,BOOM,BOOMUSDT,SELL,BID,BOOM,USDT
USDT,BOOM,USDC,USDT,BOOMUSDT,BUY,ASK,USDT,BOOM,BOOMUSDC,SELL,BID,BOOM,USDC,USDCUSDT,SELL,BID,USDC,USDT
USDT,USDC,BROCCOLIF3B,USDT,USDCUSDT,BUY,ASK,USDT,USDC,BROCCOLIF3BUSDC,BUY,ASK,USDC,BROCCOLIF3B,BROCCOLIF3BUSDT,SELL,BID,BROCCOLIF3B,USDT
USDT,BROCCOLIF3B,USDC,USDT,BROCCOLIF3BUSDT,BUY,ASK,USDT,BROCCOLIF3B,BROCCOLIF3BUSDC,SELL,BID,BROCCOLIF3B,USDC,USDCUSDT,SELL,BID,USDC,USDT
USDT,BRL,BTC,USDT,BRLUSDT,BUY,ASK,USDT,BRL,BTCBRL,BUY,ASK,BRL,BTC,BTCUSDT,SELL,BID,BTC,USDT
USDT,BTC,BRL,USDT,BTCUSDT,BUY,ASK,USDT,BTC,BTCBRL,SELL,BID,BTC,BRL,BRLUSDT,SELL,BID,BRL,USDT
USDT,EUR,BTC,USDT,EURUSDT,BUY,ASK,USDT,EUR,BTCEUR,BUY,ASK,EUR,BTC,BTCUSDT,SELL,BID,BTC,USDT
USDT,BTC,EUR,USDT,BTCUSDT,BUY,ASK,USDT,BTC,BTCEUR,SELL,BID,BTC,EUR,EURUSDT,SELL,BID,EUR,USDT
USDT,USD1,BTC,USDT,USD1USDT,BUY,ASK,USDT,USD1,BTCUSD1,BUY,ASK,USD1,BTC,BTCUSDT,SELL,BID,BTC,USDT
USDT,BTC,USD1,USDT,BTCUSDT,BUY,ASK,USDT,BTC,BTCUSD1,SELL,BID,BTC,USD1,USD1USDT,SELL,BID,USD1,USDT
USDT,USDC,BTC,USDT,USDCUSDT,BUY,ASK,USDT,USDC,BTCUSDC,BUY,ASK,USDC,BTC,BTCUSDT,SELL,BID,BTC,USDT
USDT,BTC,USDC,USDT,BTCUSDT,BUY,ASK,USDT,BTC,BTCUSDC,SELL,BID,BTC,USDC,USDCUSDT,SELL,BID,USDC,USDT
USDT,USDE,BTC,USDT,USDEUSDT,BUY,ASK,USDT,USDE,BTCUSDE,BUY,ASK,USDE,BTC,BTCUSDT,SELL,BID,BTC,USDT
USDT,BTC,USDE,USDT,BTCUSDT,BUY,ASK,USDT,BTC,BTCUSDE,SELL,BID,BTC,USDE,USDEUSDT,SELL,BID,USDE,USDT
USDT,USDF,BTC,USDT,USDFUSDT,BUY,ASK,USDT,USDF,BTCUSDF,BUY,ASK,USDF,BTC,BTCUSDT,SELL,BID,BTC,USDT
USDT,BTC,USDF,USDT,BTCUSDT,BUY,ASK,USDT,BTC,BTCUSDF,SELL,BID,BTC,USDF,USDFUSDT,SELL,BID,USDF,USDT
USDT,USDC,BTR,USDT,USDCUSDT,BUY,ASK,USDT,USDC,BTRUSDC,BUY,ASK,USDC,BTR,BTRUSDT,SELL,BID,BTR,USDT
USDT,BTR,USDC,USDT,BTRUSDT,BUY,ASK,USDT,BTR,BTRUSDC,SELL,BID,BTR,USDC,USDCUSDT,SELL,BID,USDC,USDT
USDT,USDC,BUTTHOLE,USDT,USDCUSDT,BUY,ASK,USDT,USDC,BUTTHOLEUSDC,BUY,ASK,USDC,BUTTHOLE,BUTTHOLEUSDT,SELL,BID,BUTTHOLE,USDT
USDT,BUTTHOLE,USDC,USDT,BUTTHOLEUSDT,BUY,ASK,USDT,BUTTHOLE,BUTTHOLEUSDC,SELL,BID,BUTTHOLE,USDC,USDCUSDT,SELL,BID,USDC,USDT
USDT,USDC,C,USDT,USDCUSDT,BUY,ASK,USDT,USDC,CUSDC,BUY,ASK,USDC,C,CUSDT,SELL,BID,C,USDT
USDT,C,USDC,USDT,CUSDT,BUY,ASK,USDT,C,CUSDC,SELL,BID,C,USDC,USDCUSDT,SELL,BID,USDC,USDT
USDT,USDC,CAKE,USDT,USDCUSDT,BUY,ASK,USDT,USDC,CAKEUSDC,BUY,ASK,USDC,CAKE,CAKEUSDT,SELL,BID,CAKE,USDT
USDT,CAKE,USDC,USDT,CAKEUSDT,BUY,ASK,USDT,CAKE,CAKEUSDC,SELL,BID,CAKE,USDC,USDCUSDT,SELL,BID,USDC,USDT
USDT,USDC,CAMP,USDT,USDCUSDT,BUY,ASK,USDT,USDC,CAMPUSDC,BUY,ASK,USDC,CAMP,CAMPUSDT,SELL,BID,CAMP,USDT
USDT,CAMP,USDC,USDT,CAMPUSDT,BUY,ASK,USDT,CAMP,CAMPUSDC,SELL,BID,CAMP,USDC,USDCUSDT,SELL,BID,USDC,USDT
USDT,USDC,CC,USDT,USDCUSDT,BUY,ASK,USDT,USDC,CCUSDC,BUY,ASK,USDC,CC,CCUSDT,SELL,BID,CC,USDT
USDT,CC,USDC,USDT,CCUSDT,BUY,ASK,USDT,CC,CCUSDC,SELL,BID,CC,USDC,USDCUSDT,SELL,BID,USDC,USDT
USDT,USDC,CETUS,USDT,USDCUSDT,BUY,ASK,USDT,USDC,CETUSUSDC,BUY,ASK,USDC,CETUS,CETUSUSDT,SELL,BID,CETUS,USDT
USDT,CETUS,USDC,USDT,CETUSUSDT,BUY,ASK,USDT,CETUS,CETUSUSDC,SELL,BID,CETUS,USDC,USDCUSDT,SELL,BID,USDC,USDT
USDT,USDC,CFX,USDT,USDCUSDT,BUY,ASK,USDT,USDC,CFXUSDC,BUY,ASK,USDC,CFX,CFXUSDT,SELL,BID,CFX,USDT
USDT,CFX,USDC,USDT,CFXUSDT,BUY,ASK,USDT,CFX,CFXUSDC,SELL,BID,CFX,USDC,USDCUSDT,SELL,BID,USDC,USDT
USDT,USDC,CGN,USDT,USDCUSDT,BUY,ASK,USDT,USDC,CGNUSDC,BUY,ASK,USDC,CGN,CGNUSDT,SELL,BID,CGN,USDT
USDT,CGN,USDC,USDT,CGNUSDT,BUY,ASK,USDT,CGN,CGNUSDC,SELL,BID,CGN,USDC,USDCUSDT,SELL,BID,USDC,USDT
USDT,USDC,CGPT,USDT,USDCUSDT,BUY,ASK,USDT,USDC,CGPTUSDC,BUY,ASK,USDC,CGPT,CGPTUSDT,SELL,BID,CGPT,USDT
USDT,CGPT,USDC,USDT,CGPTUSDT,BUY,ASK,USDT,CGPT,CGPTUSDC,SELL,BID,CGPT,USDC,USDCUSDT,SELL,BID,USDC,USDT
USDT,USDC,CHESS,USDT,USDCUSDT,BUY,ASK,USDT,USDC,CHESSUSDC,BUY,ASK,USDC,CHESS,CHESSUSDT,SELL,BID,CHESS,USDT
USDT,CHESS,USDC,USDT,CHESSUSDT,BUY,ASK,USDT,CHESS,CHESSUSDC,SELL,BID,CHESS,USDC,USDCUSDT,SELL,BID,USDC,USDT
USDT,USDC,CHZ,USDT,USDCUSDT,BUY,ASK,USDT,USDC,CHZUSDC,BUY,ASK,USDC,CHZ,CHZUSDT,SELL,BID,CHZ,USDT
USDT,CHZ,USDC,USDT,CHZUSDT,BUY,ASK,USDT,CHZ,CHZUSDC,SELL,BID,CHZ,USDC,USDCUSDT,SELL,BID,USDC,USDT
USDT,USDC,CKB,USDT,USDCUSDT,BUY,ASK,USDT,USDC,CKBUSDC,BUY,ASK,USDC,CKB,CKBUSDT,SELL,BID,CKB,USDT
USDT,CKB,USDC,USDT,CKBUSDT,BUY,ASK,USDT,CKB,CKBUSDC,SELL,BID,CKB,USDC,USDCUSDT,SELL,BID,USDC,USDT
USDT,USDC,COMP,USDT,USDCUSDT,BUY,ASK,USDT,USDC,COMPUSDC,BUY,ASK,USDC,COMP,COMPUSDT,SELL,BID,COMP,USDT
USDT,COMP,USDC,USDT,COMPUSDT,BUY,ASK,USDT,COMP,COMPUSDC,SELL,BID,COMP,USDC,USDCUSDT,SELL,BID,USDC,USDT
USDT,USDC,COOKIE,USDT,USDCUSDT,BUY,ASK,USDT,USDC,COOKIEUSDC,BUY,ASK,USDC,COOKIE,COOKIEUSDT,SELL,BID,COOKIE,USDT
USDT,COOKIE,USDC,USDT,COOKIEUSDT,BUY,ASK,USDT,COOKIE,COOKIEUSDC,SELL,BID,COOKIE,USDC,USDCUSDT,SELL,BID,USDC,USDT
USDT,USDC,COTI,USDT,USDCUSDT,BUY,ASK,USDT,USDC,COTIUSDC,BUY,ASK,USDC,COTI,COTIUSDT,SELL,BID,COTI,USDT
USDT,COTI,USDC,USDT,COTIUSDT,BUY,ASK,USDT,COTI,COTIUSDC,SELL,BID,COTI,USDC,USDCUSDT,SELL,BID,USDC,USDT
USDT,ETH,CRV,USDT,ETHUSDT,BUY,ASK,USDT,ETH,CRVETH,BUY,ASK,ETH,CRV,CRVUSDT,SELL,BID,CRV,USDT
USDT,CRV,ETH,USDT,CRVUSDT,BUY,ASK,USDT,CRV,CRVETH,SELL,BID,CRV,ETH,ETHUSDT,SELL,BID,ETH,USDT
USDT,USDC,CRV,USDT,USDCUSDT,BUY,ASK,USDT,USDC,CRVUSDC,BUY,ASK,USDC,CRV,CRVUSDT,SELL,BID,CRV,USDT
USDT,CRV,USDC,USDT,CRVUSDT,BUY,ASK,USDT,CRV,CRVUSDC,SELL,BID,CRV,USDC,USDCUSDT,SELL,BID,USDC,USDT
USDT,USDC,CYS,USDT,USDCUSDT,BUY,ASK,USDT,USDC,CYSUSDC,BUY,ASK,USDC,CYS,CYSUSDT,SELL,BID,CYS,USDT
USDT,CYS,USDC,USDT,CYSUSDT,BUY,ASK,USDT,CYS,CYSUSDC,SELL,BID,CYS,USDC,USDCUSDT,SELL,BID,USDC,USDT
USDT,BTC,DASH,USDT,BTCUSDT,BUY,ASK,USDT,BTC,DASHBTC,BUY,ASK,BTC,DASH,DASHUSDT,SELL,BID,DASH,USDT
USDT,DASH,BTC,USDT,DASHUSDT,BUY,ASK,USDT,DASH,DASHBTC,SELL,BID,DASH,BTC,BTCUSDT,SELL,BID,BTC,USDT
USDT,USDC,DASH,USDT,USDCUSDT,BUY,ASK,USDT,USDC,DASHUSDC,BUY,ASK,USDC,DASH,DASHUSDT,SELL,BID,DASH,USDT
USDT,DASH,USDC,USDT,DASHUSDT,BUY,ASK,USDT,DASH,DASHUSDC,SELL,BID,DASH,USDC,USDCUSDT,SELL,BID,USDC,USDT
USDT,BTC,DEXE,USDT,BTCUSDT,BUY,ASK,USDT,BTC,DEXEBTC,BUY,ASK,BTC,DEXE,DEXEUSDT,SELL,BID,DEXE,USDT
USDT,DEXE,BTC,USDT,DEXEUSDT,BUY,ASK,USDT,DEXE,DEXEBTC,SELL,BID,DEXE,BTC,BTCUSDT,SELL,BID,BTC,USDT
USDT,EUR,DOGE,USDT,EURUSDT,BUY,ASK,USDT,EUR,DOGEEUR,BUY,ASK,EUR,DOGE,DOGEUSDT,SELL,BID,DOGE,USDT
USDT,DOGE,EUR,USDT,DOGEUSDT,BUY,ASK,USDT,DOGE,DOGEEUR,SELL,BID,DOGE,EUR,EURUSDT,SELL,BID,EUR,USDT
USDT,USDE,DOGE,USDT,USDEUSDT,BUY,ASK,USDT,USDE,DOGEUSDE,BUY,ASK,USDE,DOGE,DOGEUSDT,SELL,BID,DOGE,USDT
USDT,DOGE,USDE,USDT,DOGEUSDT,BUY,ASK,USDT,DOGE,DOGEUSDE,SELL,BID,DOGE,USDE,USDEUSDT,SELL,BID,USDE,USDT
USDT,USDC,DOGS,USDT,USDCUSDT,BUY,ASK,USDT,USDC,DOGSUSDC,BUY,ASK,USDC,DOGS,DOGSUSDT,SELL,BID,DOGS,USDT
USDT,DOGS,USDC,USDT,DOGSUSDT,BUY,ASK,USDT,DOGS,DOGSUSDC,SELL,BID,DOGS,USDC,USDCUSDT,SELL,BID,USDC,USDT
USDT,USDC,DOLO,USDT,USDCUSDT,BUY,ASK,USDT,USDC,DOLOUSDC,BUY,ASK,USDC,DOLO,DOLOUSDT,SELL,BID,DOLO,USDT
USDT,DOLO,USDC,USDT,DOLOUSDT,BUY,ASK,USDT,DOLO,DOLOUSDC,SELL,BID,DOLO,USDC,USDCUSDT,SELL,BID,USDC,USDT
USDT,USDC,DOOD,USDT,USDCUSDT,BUY,ASK,USDT,USDC,DOODUSDC,BUY,ASK,USDC,DOOD,DOODUSDT,SELL,BID,DOOD,USDT
USDT,DOOD,USDC,USDT,DOODUSDT,BUY,ASK,USDT,DOOD,DOODUSDC,SELL,BID,DOOD,USDC,USDCUSDT,SELL,BID,USDC,USDT
USDT,BTC,DOT,USDT,BTCUSDT,BUY,ASK,USDT,BTC,DOTBTC,BUY,ASK,BTC,DOT,DOTUSDT,SELL,BID,DOT,USDT
USDT,DOT,BTC,USDT,DOTUSDT,BUY,ASK,USDT,DOT,DOTBTC,SELL,BID,DOT,BTC,BTCUSDT,SELL,BID,BTC,USDT
USDT,USDC,DOT,USDT,USDCUSDT,BUY,ASK,USDT,USDC,DOTUSDC,BUY,ASK,USDC,DOT,DOTUSDT,SELL,BID,DOT,USDT
USDT,DOT,USDC,USDT,DOTUSDT,BUY,ASK,USDT,DOT,DOTUSDC,SELL,BID,DOT,USDC,USDCUSDT,SELL,BID,USDC,USDT
USDT,USDC,DSYNC,USDT,USDCUSDT,BUY,ASK,USDT,USDC,DSYNCUSDC,BUY,ASK,USDC,DSYNC,DSYNCUSDT,SELL,BID,DSYNC,USDT
USDT,DSYNC,USDC,USDT,DSYNCUSDT,BUY,ASK,USDT,DSYNC,DSYNCUSDC,SELL,BID,DSYNC,USDC,USDCUSDT,SELL,BID,USDC,USDT
USDT,USDC,DYDX,USDT,USDCUSDT,BUY,ASK,USDT,USDC,DYDXUSDC,BUY,ASK,USDC,DYDX,DYDXUSDT,SELL,BID,DYDX,USDT
USDT,DYDX,USDC,USDT,DYDXUSDT,BUY,ASK,USDT,DYDX,DYDXUSDC,SELL,BID,DYDX,USDC,USDCUSDT,SELL,BID,USDC,USDT
USDT,USDC,EGLD,USDT,USDCUSDT,BUY,ASK,USDT,USDC,EGLDUSDC,BUY,ASK,USDC,EGLD,EGLDUSDT,SELL,BID,EGLD,USDT
USDT,EGLD,USDC,USDT,EGLDUSDT,BUY,ASK,USDT,EGLD,EGLDUSDC,SELL,BID,EGLD,USDC,USDCUSDT,SELL,BID,USDC,USDT
USDT,USDC,EIGEN,USDT,USDCUSDT,BUY,ASK,USDT,USDC,EIGENUSDC,BUY,ASK,USDC,EIGEN,EIGENUSDT,SELL,BID,EIGEN,USDT
USDT,EIGEN,USDC,USDT,EIGENUSDT,BUY,ASK,USDT,EIGEN,EIGENUSDC,SELL,BID,EIGEN,USDC,USDCUSDT,SELL,BID,USDC,USDT
USDT,USDC,ENA,USDT,USDCUSDT,BUY,ASK,USDT,USDC,ENAUSDC,BUY,ASK,USDC,ENA,ENAUSDT,SELL,BID,ENA,USDT
USDT,ENA,USDC,USDT,ENAUSDT,BUY,ASK,USDT,ENA,ENAUSDC,SELL,BID,ENA,USDC,USDCUSDT,SELL,BID,USDC,USDT
USDT,USDE,ENA,USDT,USDEUSDT,BUY,ASK,USDT,USDE,ENAUSDE,BUY,ASK,USDE,ENA,ENAUSDT,SELL,BID,ENA,USDT
USDT,ENA,USDE,USDT,ENAUSDT,BUY,ASK,USDT,ENA,ENAUSDE,SELL,BID,ENA,USDE,USDEUSDT,SELL,BID,USDE,USDT
USDT,USDC,EPT,USDT,USDCUSDT,BUY,ASK,USDT,USDC,EPTUSDC,BUY,ASK,USDC,EPT,EPTUSDT,SELL,BID,EPT,USDT
USDT,EPT,USDC,USDT,EPTUSDT,BUY,ASK,USDT,EPT,EPTUSDC,SELL,BID,EPT,USDC,USDCUSDT,SELL,BID,USDC,USDT
USDT,USDC,ERA,USDT,USDCUSDT,BUY,ASK,USDT,USDC,ERAUSDC,BUY,ASK,USDC,ERA,ERAUSDT,SELL,BID,ERA,USDT
USDT,ERA,USDC,USDT,ERAUSDT,BUY,ASK,USDT,ERA,ERAUSDC,SELL,BID,ERA,USDC,USDCUSDT,SELL,BID,USDC,USDT
USDT,USDC,ES,USDT,USDCUSDT,BUY,ASK,USDT,USDC,ESUSDC,BUY,ASK,USDC,ES,ESUSDT,SELL,BID,ES,USDT
USDT,ES,USDC,USDT,ESUSDT,BUY,ASK,USDT,ES,ESUSDC,SELL,BID,ES,USDC,USDCUSDT,SELL,BID,USDC,USDT
USDT,BTC,ETC,USDT,BTCUSDT,BUY,ASK,USDT,BTC,ETCBTC,BUY,ASK,BTC,ETC,ETCUSDT,SELL,BID,ETC,USDT
USDT,ETC,BTC,USDT,ETCUSDT,BUY,ASK,USDT,ETC,ETCBTC,SELL,BID,ETC,BTC,BTCUSDT,SELL,BID,BTC,USDT
USDT,USDC,ETC,USDT,USDCUSDT,BUY,ASK,USDT,USDC,ETCUSDC,BUY,ASK,USDC,ETC,ETCUSDT,SELL,BID,ETC,USDT
USDT,ETC,USDC,USDT,ETCUSDT,BUY,ASK,USDT,ETC,ETCUSDC,SELL,BID,ETC,USDC,USDCUSDT,SELL,BID,USDC,USDT
USDT,BRL,ETH,USDT,BRLUSDT,BUY,ASK,USDT,BRL,ETHBRL,BUY,ASK,BRL,ETH,ETHUSDT,SELL,BID,ETH,USDT
USDT,ETH,BRL,USDT,ETHUSDT,BUY,ASK,USDT,ETH,ETHBRL,SELL,BID,ETH,BRL,BRLUSDT,SELL,BID,BRL,USDT
USDT,BTC,ETH,USDT,BTCUSDT,BUY,ASK,USDT,BTC,ETHBTC,BUY,ASK,BTC,ETH,ETHUSDT,SELL,BID,ETH,USDT
USDT,ETH,BTC,USDT,ETHUSDT,BUY,ASK,USDT,ETH,ETHBTC,SELL,BID,ETH,BTC,BTCUSDT,SELL,BID,BTC,USDT
USDT,EUR,ETH,USDT,EURUSDT,BUY,ASK,USDT,EUR,ETHEUR,BUY,ASK,EUR,ETH,ETHUSDT,SELL,BID,ETH,USDT
USDT,ETH,EUR,USDT,ETHUSDT,BUY,ASK,USDT,ETH,ETHEUR,SELL,BID,ETH,EUR,EURUSDT,SELL,BID,EUR,USDT
USDT,USD1,ETH,USDT,USD1USDT,BUY,ASK,USDT,USD1,ETHUSD1,BUY,ASK,USD1,ETH,ETHUSDT,SELL,BID,ETH,USDT
USDT,ETH,USD1,USDT,ETHUSDT,BUY,ASK,USDT,ETH,ETHUSD1,SELL,BID,ETH,USD1,USD1USDT,SELL,BID,USD1,USDT
USDT,USDE,ETH,USDT,USDEUSDT,BUY,ASK,USDT,USDE,ETHUSDE,BUY,ASK,USDE,ETH,ETHUSDT,SELL,BID,ETH,USDT
USDT,ETH,USDE,USDT,ETHUSDT,BUY,ASK,USDT,ETH,ETHUSDE,SELL,BID,ETH,USDE,USDEUSDT,SELL,BID,USDE,USDT
USDT,USDF,ETH,USDT,USDFUSDT,BUY,ASK,USDT,USDF,ETHUSDF,BUY,ASK,USDF,ETH,ETHUSDT,SELL,BID,ETH,USDT
USDT,ETH,USDF,USDT,ETHUSDT,BUY,ASK,USDT,ETH,ETHUSDF,SELL,BID,ETH,USDF,USDFUSDT,SELL,BID,USDF,USDT
USDT,USD1,ETHFI,USDT,USD1USDT,BUY,ASK,USDT,USD1,ETHFIUSD1,BUY,ASK,USD1,ETHFI,ETHFIUSDT,SELL,BID,ETHFI,USDT
USDT,ETHFI,USD1,USDT,ETHFIUSDT,BUY,ASK,USDT,ETHFI,ETHFIUSD1,SELL,BID,ETHFI,USD1,USD1USDT,SELL,BID,USD1,USDT
USDT,USDC,ETHFI,USDT,USDCUSDT,BUY,ASK,USDT,USDC,ETHFIUSDC,BUY,ASK,USDC,ETHFI,ETHFIUSDT,SELL,BID,ETHFI,USDT
USDT,ETHFI,USDC,USDT,ETHFIUSDT,BUY,ASK,USDT,ETHFI,ETHFIUSDC,SELL,BID,ETHFI,USDC,USDCUSDT,SELL,BID,USDC,USDT
USDT,USDE,ETHFI,USDT,USDEUSDT,BUY,ASK,USDT,USDE,ETHFIUSDE,BUY,ASK,USDE,ETHFI,ETHFIUSDT,SELL,BID,ETHFI,USDT
USDT,ETHFI,USDE,USDT,ETHFIUSDT,BUY,ASK,USDT,ETHFI,ETHFIUSDE,SELL,BID,ETHFI,USDE,USDEUSDT,SELL,BID,USDE,USDT
USDT,USDC,FARTCOIN,USDT,USDCUSDT,BUY,ASK,USDT,USDC,FARTCOINUSDC,BUY,ASK,USDC,FARTCOIN,FARTCOINUSDT,SELL,BID,FARTCOIN,USDT
USDT,FARTCOIN,USDC,USDT,FARTCOINUSDT,BUY,ASK,USDT,FARTCOIN,FARTCOINUSDC,SELL,BID,FARTCOIN,USDC,USDCUSDT,SELL,BID,USDC,USDT
USDT,USDC,FET,USDT,USDCUSDT,BUY,ASK,USDT,USDC,FETUSDC,BUY,ASK,USDC,FET,FETUSDT,SELL,BID,FET,USDT
USDT,FET,USDC,USDT,FETUSDT,BUY,ASK,USDT,FET,FETUSDC,SELL,BID,FET,USDC,USDCUSDT,SELL,BID,USDC,USDT
USDT,USDC,FF,USDT,USDCUSDT,BUY,ASK,USDT,USDC,FFUSDC,BUY,ASK,USDC,FF,FFUSDT,SELL,BID,FF,USDT
USDT,FF,USDC,USDT,FFUSDT,BUY,ASK,USDT,FF,FFUSDC,SELL,BID,FF,USDC,USDCUSDT,SELL,BID,USDC,USDT
USDT,USDF,FF,USDT,USDFUSDT,BUY,ASK,USDT,USDF,FFUSDF,BUY,ASK,USDF,FF,FFUSDT,SELL,BID,FF,USDT
USDT,FF,USDF,USDT,FFUSDT,BUY,ASK,USDT,FF,FFUSDF,SELL,BID,FF,USDF,USDFUSDT,SELL,BID,USDF,USDT
USDT,USDC,FHE,USDT,USDCUSDT,BUY,ASK,USDT,USDC,FHEUSDC,BUY,ASK,USDC,FHE,FHEUSDT,SELL,BID,FHE,USDT
USDT,FHE,USDC,USDT,FHEUSDT,BUY,ASK,USDT,FHE,FHEUSDC,SELL,BID,FHE,USDC,USDCUSDT,SELL,BID,USDC,USDT
USDT,USDC,FLK,USDT,USDCUSDT,BUY,ASK,USDT,USDC,FLKUSDC,BUY,ASK,USDC,FLK,FLKUSDT,SELL,BID,FLK,USDT
USDT,FLK,USDC,USDT,FLKUSDT,BUY,ASK,USDT,FLK,FLKUSDC,SELL,BID,FLK,USDC,USDCUSDT,SELL,BID,USDC,USDT
USDT,USDC,FLOCK,USDT,USDCUSDT,BUY,ASK,USDT,USDC,FLOCKUSDC,BUY,ASK,USDC,FLOCK,FLOCKUSDT,SELL,BID,FLOCK,USDT
USDT,FLOCK,USDC,USDT,FLOCKUSDT,BUY,ASK,USDT,FLOCK,FLOCKUSDC,SELL,BID,FLOCK,USDC,USDCUSDT,SELL,BID,USDC,USDT
USDT,USDC,FLOKI,USDT,USDCUSDT,BUY,ASK,USDT,USDC,FLOKIUSDC,BUY,ASK,USDC,FLOKI,FLOKIUSDT,SELL,BID,FLOKI,USDT
USDT,FLOKI,USDC,USDT,FLOKIUSDT,BUY,ASK,USDT,FLOKI,FLOKIUSDC,SELL,BID,FLOKI,USDC,USDCUSDT,SELL,BID,USDC,USDT
USDT,USDC,FLUX,USDT,USDCUSDT,BUY,ASK,USDT,USDC,FLUXUSDC,BUY,ASK,USDC,FLUX,FLUXUSDT,SELL,BID,FLUX,USDT
USDT,FLUX,USDC,USDT,FLUXUSDT,BUY,ASK,USDT,FLUX,FLUXUSDC,SELL,BID,FLUX,USDC,USDCUSDT,SELL,BID,USDC,USDT
USDT,USDC,GAIB,USDT,USDCUSDT,BUY,ASK,USDT,USDC,GAIBUSDC,BUY,ASK,USDC,GAIB,GAIBUSDT,SELL,BID,GAIB,USDT
USDT,GAIB,USDC,USDT,GAIBUSDT,BUY,ASK,USDT,GAIB,GAIBUSDC,SELL,BID,GAIB,USDC,USDCUSDT,SELL,BID,USDC,USDT
USDT,USDC,GALA,USDT,USDCUSDT,BUY,ASK,USDT,USDC,GALAUSDC,BUY,ASK,USDC,GALA,GALAUSDT,SELL,BID,GALA,USDT
USDT,GALA,USDC,USDT,GALAUSDT,BUY,ASK,USDT,GALA,GALAUSDC,SELL,BID,GALA,USDC,USDCUSDT,SELL,BID,USDC,USDT
USDT,USDC,GHIBLI,USDT,USDCUSDT,BUY,ASK,USDT,USDC,GHIBLIUSDC,BUY,ASK,USDC,GHIBLI,GHIBLIUSDT,SELL,BID,GHIBLI,USDT
USDT,GHIBLI,USDC,USDT,GHIBLIUSDT,BUY,ASK,USDT,GHIBLI,GHIBLIUSDC,SELL,BID,GHIBLI,USDC,USDCUSDT,SELL,BID,USDC,USDT
USDT,USDC,GIGGLE,USDT,USDCUSDT,BUY,ASK,USDT,USDC,GIGGLEUSDC,BUY,ASK,USDC,GIGGLE,GIGGLEUSDT,SELL,BID,GIGGLE,USDT
USDT,GIGGLE,USDC,USDT,GIGGLEUSDT,BUY,ASK,USDT,GIGGLE,GIGGLEUSDC,SELL,BID,GIGGLE,USDC,USDCUSDT,SELL,BID,USDC,USDT
USDT,USDC,GRIFFAIN,USDT,USDCUSDT,BUY,ASK,USDT,USDC,GRIFFAINUSDC,BUY,ASK,USDC,GRIFFAIN,GRIFFAINUSDT,SELL,BID,GRIFFAIN,USDT
USDT,GRIFFAIN,USDC,USDT,GRIFFAINUSDT,BUY,ASK,USDT,GRIFFAIN,GRIFFAINUSDC,SELL,BID,GRIFFAIN,USDC,USDCUSDT,SELL,BID,USDC,USDT
USDT,USDC,GRT,USDT,USDCUSDT,BUY,ASK,USDT,USDC,GRTUSDC,BUY,ASK,USDC,GRT,GRTUSDT,SELL,BID,GRT,USDT
USDT,GRT,USDC,USDT,GRTUSDT,BUY,ASK,USDT,GRT,GRTUSDC,SELL,BID,GRT,USDC,USDCUSDT,SELL,BID,USDC,USDT
USDT,USDC,GUN,USDT,USDCUSDT,BUY,ASK,USDT,USDC,GUNUSDC,BUY,ASK,USDC,GUN,GUNUSDT,SELL,BID,GUN,USDT
USDT,GUN,USDC,USDT,GUNUSDT,BUY,ASK,USDT,GUN,GUNUSDC,SELL,BID,GUN,USDC,USDCUSDT,SELL,BID,USDC,USDT
USDT,USDC,H,USDT,USDCUSDT,BUY,ASK,USDT,USDC,HUSDC,BUY,ASK,USDC,H,HUSDT,SELL,BID,H,USDT
USDT,H,USDC,USDT,HUSDT,BUY,ASK,USDT,H,HUSDC,SELL,BID,H,USDC,USDCUSDT,SELL,BID,USDC,USDT
USDT,USDC,HBAR,USDT,USDCUSDT,BUY,ASK,USDT,USDC,HBARUSDC,BUY,ASK,USDC,HBAR,HBARUSDT,SELL,BID,HBAR,USDT
USDT,HBAR,USDC,USDT,HBARUSDT,BUY,ASK,USDT,HBAR,HBARUSDC,SELL,BID,HBAR,USDC,USDCUSDT,SELL,BID,USDC,USDT
USDT,USDC,HEMI,USDT,USDCUSDT,BUY,ASK,USDT,USDC,HEMIUSDC,BUY,ASK,USDC,HEMI,HEMIUSDT,SELL,BID,HEMI,USDT
USDT,HEMI,USDC,USDT,HEMIUSDT,BUY,ASK,USDT,HEMI,HEMIUSDC,SELL,BID,HEMI,USDC,USDCUSDT,SELL,BID,USDC,USDT
USDT,USDC,HMSTR,USDT,USDCUSDT,BUY,ASK,USDT,USDC,HMSTRUSDC,BUY,ASK,USDC,HMSTR,HMSTRUSDT,SELL,BID,HMSTR,USDT
USDT,HMSTR,USDC,USDT,HMSTRUSDT,BUY,ASK,USDT,HMSTR,HMSTRUSDC,SELL,BID,HMSTR,USDC,USDCUSDT,SELL,BID,USDC,USDT
USDT,USDC,HOLO,USDT,USDCUSDT,BUY,ASK,USDT,USDC,HOLOUSDC,BUY,ASK,USDC,HOLO,HOLOUSDT,SELL,BID,HOLO,USDT
USDT,HOLO,USDC,USDT,HOLOUSDT,BUY,ASK,USDT,HOLO,HOLOUSDC,SELL,BID,HOLO,USDC,USDCUSDT,SELL,BID,USDC,USDT
USDT,USDC,HOME,USDT,USDCUSDT,BUY,ASK,USDT,USDC,HOMEUSDC,BUY,ASK,USDC,HOME,HOMEUSDT,SELL,BID,HOME,USDT
USDT,HOME,USDC,USDT,HOMEUSDT,BUY,ASK,USDT,HOME,HOMEUSDC,SELL,BID,HOME,USDC,USDCUSDT,SELL,BID,USDC,USDT
USDT,USDC,HUMA,USDT,USDCUSDT,BUY,ASK,USDT,USDC,HUMAUSDC,BUY,ASK,USDC,HUMA,HUMAUSDT,SELL,BID,HUMA,USDT
USDT,HUMA,USDC,USDT,HUMAUSDT,BUY,ASK,USDT,HUMA,HUMAUSDC,SELL,BID,HUMA,USDC,USDCUSDT,SELL,BID,USDC,USDT
USDT,USDC,HYPE,USDT,USDCUSDT,BUY,ASK,USDT,USDC,HYPEUSDC,BUY,ASK,USDC,HYPE,HYPEUSDT,SELL,BID,HYPE,USDT
USDT,HYPE,USDC,USDT,HYPEUSDT,BUY,ASK,USDT,HYPE,HYPEUSDC,SELL,BID,HYPE,USDC,USDCUSDT,SELL,BID,USDC,USDT
USDT,USDC,HYPER,USDT,USDCUSDT,BUY,ASK,USDT,USDC,HYPERUSDC,BUY,ASK,USDC,HYPER,HYPERUSDT,SELL,BID,HYPER,USDT
USDT,HYPER,USDC,USDT,HYPERUSDT,BUY,ASK,USDT,HYPER,HYPERUSDC,SELL,BID,HYPER,USDC,USDCUSDT,SELL,BID,USDC,USDT
USDT,USDC,ICP,USDT,USDCUSDT,BUY,ASK,USDT,USDC,ICPUSDC,BUY,ASK,USDC,ICP,ICPUSDT,SELL,BID,ICP,USDT
USDT,ICP,USDC,USDT,ICPUSDT,BUY,ASK,USDT,ICP,ICPUSDC,SELL,BID,ICP,USDC,USDCUSDT,SELL,BID,USDC,USDT
USDT,USDC,IDEX,USDT,USDCUSDT,BUY,ASK,USDT,USDC,IDEXUSDC,BUY,ASK,USDC,IDEX,IDEXUSDT,SELL,BID,IDEX,USDT
USDT,IDEX,USDC,USDT,IDEXUSDT,BUY,ASK,USDT,IDEX,IDEXUSDC,SELL,BID,IDEX,USDC,USDCUSDT,SELL,BID,USDC,USDT
USDT,USDC,IDOL,USDT,USDCUSDT,BUY,ASK,USDT,USDC,IDOLUSDC,BUY,ASK,USDC,IDOL,IDOLUSDT,SELL,BID,IDOL,USDT
USDT,IDOL,USDC,USDT,IDOLUSDT,BUY,ASK,USDT,IDOL,IDOLUSDC,SELL,BID,IDOL,USDC,USDCUSDT,SELL,BID,USDC,USDT
USDT,USDC,IMX,USDT,USDCUSDT,BUY,ASK,USDT,USDC,IMXUSDC,BUY,ASK,USDC,IMX,IMXUSDT,SELL,BID,IMX,USDT
USDT,IMX,USDC,USDT,IMXUSDT,BUY,ASK,USDT,IMX,IMXUSDC,SELL,BID,IMX,USDC,USDCUSDT,SELL,BID,USDC,USDT
USDT,USDC,INIT,USDT,USDCUSDT,BUY,ASK,USDT,USDC,INITUSDC,BUY,ASK,USDC,INIT,INITUSDT,SELL,BID,INIT,USDT
USDT,INIT,USDC,USDT,INITUSDT,BUY,ASK,USDT,INIT,INITUSDC,SELL,BID,INIT,USDC,USDCUSDT,SELL,BID,USDC,USDT
USDT,USDC,INJ,USDT,USDCUSDT,BUY,ASK,USDT,USDC,INJUSDC,BUY,ASK,USDC,INJ,INJUSDT,SELL,BID,INJ,USDT
USDT,INJ,USDC,USDT,INJUSDT,BUY,ASK,USDT,INJ,INJUSDC,SELL,BID,INJ,USDC,USDCUSDT,SELL,BID,USDC,USDT
USDT,USDC,IO,USDT,USDCUSDT,BUY,ASK,USDT,USDC,IOUSDC,BUY,ASK,USDC,IO,IOUSDT,SELL,BID,IO,USDT
USDT,IO,USDC,USDT,IOUSDT,BUY,ASK,USDT,IO,IOUSDC,SELL,BID,IO,USDC,USDCUSDT,SELL,BID,USDC,USDT
USDT,USDC,IOTA,USDT,USDCUSDT,BUY,ASK,USDT,USDC,IOTAUSDC,BUY,ASK,USDC,IOTA,IOTAUSDT,SELL,BID,IOTA,USDT
USDT,IOTA,USDC,USDT,IOTAUSDT,BUY,ASK,USDT,IOTA,IOTAUSDC,SELL,BID,IOTA,USDC,USDCUSDT,SELL,BID,USDC,USDT
USDT,BTC,IP,USDT,BTCUSDT,BUY,ASK,USDT,BTC,IPBTC,BUY,ASK,BTC,IP,IPUSDT,SELL,BID,IP,USDT
USDT,IP,BTC,USDT,IPUSDT,BUY,ASK,USDT,IP,IPBTC,SELL,BID,IP,BTC,BTCUSDT,SELL,BID,BTC,USDT
USDT,ETH,IP,USDT,ETHUSDT,BUY,ASK,USDT,ETH,IPETH,BUY,ASK,ETH,IP,IPUSDT,SELL,BID,IP,USDT
USDT,IP,ETH,USDT,IPUSDT,BUY,ASK,USDT,IP,IPETH,SELL,BID,IP,ETH,ETHUSDT,SELL,BID,ETH,USDT
USDT,USDC,IP,USDT,USDCUSDT,BUY,ASK,USDT,USDC,IPUSDC,BUY,ASK,USDC,IP,IPUSDT,SELL,BID,IP,USDT
USDT,IP,USDC,USDT,IPUSDT,BUY,ASK,USDT,IP,IPUSDC,SELL,BID,IP,USDC,USDCUSDT,SELL,BID,USDC,USDT
USDT,USDC,IRYS,USDT,USDCUSDT,BUY,ASK,USDT,USDC,IRYSUSDC,BUY,ASK,USDC,IRYS,IRYSUSDT,SELL,BID,IRYS,USDT
USDT,IRYS,USDC,USDT,IRYSUSDT,BUY,ASK,USDT,IRYS,IRYSUSDC,SELL,BID,IRYS,USDC,USDCUSDT,SELL,BID,USDC,USDT
USDT,USDC,JELLYJELLY,USDT,USDCUSDT,BUY,ASK,USDT,USDC,JELLYJELLYUSDC,BUY,ASK,USDC,JELLYJELLY,JELLYJELLYUSDT,SELL,BID,JELLYJELLY,USDT
USDT,JELLYJELLY,USDC,USDT,JELLYJELLYUSDT,BUY,ASK,USDT,JELLYJELLY,JELLYJELLYUSDC,SELL,BID,JELLYJELLY,USDC,USDCUSDT,SELL,BID,USDC,USDT
USDT,USDC,JUP,USDT,USDCUSDT,BUY,ASK,USDT,USDC,JUPUSDC,BUY,ASK,USDC,JUP,JUPUSDT,SELL,BID,JUP,USDT
USDT,JUP,USDC,USDT,JUPUSDT,BUY,ASK,USDT,JUP,JUPUSDC,SELL,BID,JUP,USDC,USDCUSDT,SELL,BID,USDC,USDT
USDT,USDC,KAITO,USDT,USDCUSDT,BUY,ASK,USDT,USDC,KAITOUSDC,BUY,ASK,USDC,KAITO,KAITOUSDT,SELL,BID,KAITO,USDT
USDT,KAITO,USDC,USDT,KAITOUSDT,BUY,ASK,USDT,KAITO,KAITOUSDC,SELL,BID,KAITO,USDC,USDCUSDT,SELL,BID,USDC,USDT
USDT,EUR,KAS,USDT,EURUSDT,BUY,ASK,USDT,EUR,KASEUR,BUY,ASK,EUR,KAS,KASUSDT,SELL,BID,KAS,USDT
USDT,KAS,EUR,USDT,KASUSDT,BUY,ASK,USDT,KAS,KASEUR,SELL,BID,KAS,EUR,EURUSDT,SELL,BID,EUR,USDT
USDT,USD1,KAS,USDT,USD1USDT,BUY,ASK,USDT,USD1,KASUSD1,BUY,ASK,USD1,KAS,KASUSDT,SELL,BID,KAS,USDT
USDT,KAS,USD1,USDT,KASUSDT,BUY,ASK,USDT,KAS,KASUSD1,SELL,BID,KAS,USD1,USD1USDT,SELL,BID,USD1,USDT
USDT,USDC,KAS,USDT,USDCUSDT,BUY,ASK,USDT,USDC,KASUSDC,BUY,ASK,USDC,KAS,KASUSDT,SELL,BID,KAS,USDT
USDT,KAS,USDC,USDT,KASUSDT,BUY,ASK,USDT,KAS,KASUSDC,SELL,BID,KAS,USDC,USDCUSDT,SELL,BID,USDC,USDT
USDT,USDE,KAS,USDT,USDEUSDT,BUY,ASK,USDT,USDE,KASUSDE,BUY,ASK,USDE,KAS,KASUSDT,SELL,BID,KAS,USDT
USDT,KAS,USDE,USDT,KASUSDT,BUY,ASK,USDT,KAS,KASUSDE,SELL,BID,KAS,USDE,USDEUSDT,SELL,BID,USDE,USDT
USDT,USDC,KEKIUS,USDT,USDCUSDT,BUY,ASK,USDT,USDC,KEKIUSUSDC,BUY,ASK,USDC,KEKIUS,KEKIUSUSDT,SELL,BID,KEKIUS,USDT
USDT,KEKIUS,USDC,USDT,KEKIUSUSDT,BUY,ASK,USDT,KEKIUS,KEKIUSUSDC,SELL,BID,KEKIUS,USDC,USDCUSDT,SELL,BID,USDC,USDT
USDT,USDC,KERNEL,USDT,USDCUSDT,BUY,ASK,USDT,USDC,KERNELUSDC,BUY,ASK,USDC,KERNEL,KERNELUSDT,SELL,BID,KERNEL,USDT
USDT,KERNEL,USDC,USDT,KERNELUSDT,BUY,ASK,USDT,KERNEL,KERNELUSDC,SELL,BID,KERNEL,USDC,USDCUSDT,SELL,BID,USDC,USDT
USDT,USDC,KILO,USDT,USDCUSDT,BUY,ASK,USDT,USDC,KILOUSDC,BUY,ASK,USDC,KILO,KILOUSDT,SELL,BID,KILO,USDT
USDT,KILO,USDC,USDT,KILOUSDT,BUY,ASK,USDT,KILO,KILOUSDC,SELL,BID,KILO,USDC,USDCUSDT,SELL,BID,USDC,USDT
USDT,USDC,KITE,USDT,USDCUSDT,BUY,ASK,USDT,USDC,KITEUSDC,BUY,ASK,USDC,KITE,KITEUSDT,SELL,BID,KITE,USDT
USDT,KITE,USDC,USDT,KITEUSDT,BUY,ASK,USDT,KITE,KITEUSDC,SELL,BID,KITE,USDC,USDCUSDT,SELL,BID,USDC,USDT
USDT,USDC,KMNO,USDT,USDCUSDT,BUY,ASK,USDT,USDC,KMNOUSDC,BUY,ASK,USDC,KMNO,KMNOUSDT,SELL,BID,KMNO,USDT
USDT,KMNO,USDC,USDT,KMNOUSDT,BUY,ASK,USDT,KMNO,KMNOUSDC,SELL,BID,KMNO,USDC,USDCUSDT,SELL,BID,USDC,USDT
USDT,USD1,LA,USDT,USD1USDT,BUY,ASK,USDT,USD1,LAUSD1,BUY,ASK,USD1,LA,LAUSDT,SELL,BID,LA,USDT
USDT,LA,USD1,USDT,LAUSDT,BUY,ASK,USDT,LA,LAUSD1,SELL,BID,LA,USD1,USD1USDT,SELL,BID,USD1,USDT
USDT,USDC,LA,USDT,USDCUSDT,BUY,ASK,USDT,USDC,LAUSDC,BUY,ASK,USDC,LA,LAUSDT,SELL,BID,LA,USDT
USDT,LA,USDC,USDT,LAUSDT,BUY,ASK,USDT,LA,LAUSDC,SELL,BID,LA,USDC,USDCUSDT,SELL,BID,USDC,USDT
USDT,USDC,LBTC,USDT,USDCUSDT,BUY,ASK,USDT,USDC,LBTCUSDC,BUY,ASK,USDC,LBTC,LBTCUSDT,SELL,BID,LBTC,USDT
USDT,LBTC,USDC,USDT,LBTCUSDT,BUY,ASK,USDT,LBTC,LBTCUSDC,SELL,BID,LBTC,USDC,USDCUSDT,SELL,BID,USDC,USDT
USDT,USDC,LDO,USDT,USDCUSDT,BUY,ASK,USDT,USDC,LDOUSDC,BUY,ASK,USDC,LDO,LDOUSDT,SELL,BID,LDO,USDT
USDT,LDO,USDC,USDT,LDOUSDT,BUY,ASK,USDT,LDO,LDOUSDC,SELL,BID,LDO,USDC,USDCUSDT,SELL,BID,USDC,USDT
USDT,USDC,LINEA,USDT,USDCUSDT,BUY,ASK,USDT,USDC,LINEAUSDC,BUY,ASK,USDC,LINEA,LINEAUSDT,SELL,BID,LINEA,USDT
USDT,LINEA,USDC,USDT,LINEAUSDT,BUY,ASK,USDT,LINEA,LINEAUSDC,SELL,BID,LINEA,USDC,USDCUSDT,SELL,BID,USDC,USDT
USDT,USDC,LINGO,USDT,USDCUSDT,BUY,ASK,USDT,USDC,LINGOUSDC,BUY,ASK,USDC,LINGO,LINGOUSDT,SELL,BID,LINGO,USDT
USDT,LINGO,USDC,USDT,LINGOUSDT,BUY,ASK,USDT,LINGO,LINGOUSDC,SELL,BID,LINGO,USDC,USDCUSDT,SELL,BID,USDC,USDT
USDT,ETH,LINK,USDT,ETHUSDT,BUY,ASK,USDT,ETH,LINKETH,BUY,ASK,ETH,LINK,LINKUSDT,SELL,BID,LINK,USDT
USDT,LINK,ETH,USDT,LINKUSDT,BUY,ASK,USDT,LINK,LINKETH,SELL,BID,LINK,ETH,ETHUSDT,SELL,BID,ETH,USDT
USDT,EUR,LINK,USDT,EURUSDT,BUY,ASK,USDT,EUR,LINKEUR,BUY,ASK,EUR,LINK,LINKUSDT,SELL,BID,LINK,USDT
USDT,LINK,EUR,USDT,LINKUSDT,BUY,ASK,USDT,LINK,LINKEUR,SELL,BID,LINK,EUR,EURUSDT,SELL,BID,EUR,USDT
USDT,USDC,LINK,USDT,USDCUSDT,BUY,ASK,USDT,USDC,LINKUSDC,BUY,ASK,USDC,LINK,LINKUSDT,SELL,BID,LINK,USDT
USDT,LINK,USDC,USDT,LINKUSDT,BUY,ASK,USDT,LINK,LINKUSDC,SELL,BID,LINK,USDC,USDCUSDT,SELL,BID,USDC,USDT
USDT,USDC,LOT,USDT,USDCUSDT,BUY,ASK,USDT,USDC,LOTUSDC,BUY,ASK,USDC,LOT,LOTUSDT,SELL,BID,LOT,USDT
USDT,LOT,USDC,USDT,LOTUSDT,BUY,ASK,USDT,LOT,LOTUSDC,SELL,BID,LOT,USDC,USDCUSDT,SELL,BID,USDC,USDT
USDT,EUR,LTC,USDT,EURUSDT,BUY,ASK,USDT,EUR,LTCEUR,BUY,ASK,EUR,LTC,LTCUSDT,SELL,BID,LTC,USDT
USDT,LTC,EUR,USDT,LTCUSDT,BUY,ASK,USDT,LTC,LTCEUR,SELL,BID,LTC,EUR,EURUSDT,SELL,BID,EUR,USDT
USDT,USDC,MANTA,USDT,USDCUSDT,BUY,ASK,USDT,USDC,MANTAUSDC,BUY,ASK,USDC,MANTA,MANTAUSDT,SELL,BID,MANTA,USDT
USDT,MANTA,USDC,USDT,MANTAUSDT,BUY,ASK,USDT,MANTA,MANTAUSDC,SELL,BID,MANTA,USDC,USDCUSDT,SELL,BID,USDC,USDT
USDT,USDC,MAV,USDT,USDCUSDT,BUY,ASK,USDT,USDC,MAVUSDC,BUY,ASK,USDC,MAV,MAVUSDT,SELL,BID,MAV,USDT
USDT,MAV,USDC,USDT,MAVUSDT,BUY,ASK,USDT,MAV,MAVUSDC,SELL,BID,MAV,USDC,USDCUSDT,SELL,BID,USDC,USDT
USDT,EUR,MELANIA,USDT,EURUSDT,BUY,ASK,USDT,EUR,MELANIAEUR,BUY,ASK,EUR,MELANIA,MELANIAUSDT,SELL,BID,MELANIA,USDT
USDT,MELANIA,EUR,USDT,MELANIAUSDT,BUY,ASK,USDT,MELANIA,MELANIAEUR,SELL,BID,MELANIA,EUR,EURUSDT,SELL,BID,EUR,USDT
USDT,USD1,MELANIA,USDT,USD1USDT,BUY,ASK,USDT,USD1,MELANIAUSD1,BUY,ASK,USD1,MELANIA,MELANIAUSDT,SELL,BID,MELANIA,USDT
USDT,MELANIA,USD1,USDT,MELANIAUSDT,BUY,ASK,USDT,MELANIA,MELANIAUSD1,SELL,BID,MELANIA,USD1,USD1USDT,SELL,BID,USD1,USDT
USDT,USDC,MELANIA,USDT,USDCUSDT,BUY,ASK,USDT,USDC,MELANIAUSDC,BUY,ASK,USDC,MELANIA,MELANIAUSDT,SELL,BID,MELANIA,USDT
USDT,MELANIA,USDC,USDT,MELANIAUSDT,BUY,ASK,USDT,MELANIA,MELANIAUSDC,SELL,BID,MELANIA,USDC,USDCUSDT,SELL,BID,USDC,USDT
USDT,USDC,MET,USDT,USDCUSDT,BUY,ASK,USDT,USDC,METUSDC,BUY,ASK,USDC,MET,METUSDT,SELL,BID,MET,USDT
USDT,MET,USDC,USDT,METUSDT,BUY,ASK,USDT,MET,METUSDC,SELL,BID,MET,USDC,USDCUSDT,SELL,BID,USDC,USDT
USDT,USDC,MILK,USDT,USDCUSDT,BUY,ASK,USDT,USDC,MILKUSDC,BUY,ASK,USDC,MILK,MILKUSDT,SELL,BID,MILK,USDT
USDT,MILK,USDC,USDT,MILKUSDT,BUY,ASK,USDT,MILK,MILKUSDC,SELL,BID,MILK,USDC,USDCUSDT,SELL,BID,USDC,USDT
USDT,USDC,MIRA,USDT,USDCUSDT,BUY,ASK,USDT,USDC,MIRAUSDC,BUY,ASK,USDC,MIRA,MIRAUSDT,SELL,BID,MIRA,USDT
USDT,MIRA,USDC,USDT,MIRAUSDT,BUY,ASK,USDT,MIRA,MIRAUSDC,SELL,BID,MIRA,USDC,USDCUSDT,SELL,BID,USDC,USDT
USDT,USDC,MNT,USDT,USDCUSDT,BUY,ASK,USDT,USDC,MNTUSDC,BUY,ASK,USDC,MNT,MNTUSDT,SELL,BID,MNT,USDT
USDT,MNT,USDC,USDT,MNTUSDT,BUY,ASK,USDT,MNT,MNTUSDC,SELL,BID,MNT,USDC,USDCUSDT,SELL,BID,USDC,USDT
USDT,USDC,MON,USDT,USDCUSDT,BUY,ASK,USDT,USDC,MONUSDC,BUY,ASK,USDC,MON,MONUSDT,SELL,BID,MON,USDT
USDT,MON,USDC,USDT,MONUSDT,BUY,ASK,USDT,MON,MONUSDC,SELL,BID,MON,USDC,USDCUSDT,SELL,BID,USDC,USDT
USDT,USDC,MORE,USDT,USDCUSDT,BUY,ASK,USDT,USDC,MOREUSDC,BUY,ASK,USDC,MORE,MOREUSDT,SELL,BID,MORE,USDT
USDT,MORE,USDC,USDT,MOREUSDT,BUY,ASK,USDT,MORE,MOREUSDC,SELL,BID,MORE,USDC,USDCUSDT,SELL,BID,USDC,USDT
USDT,USDC,MORPHO,USDT,USDCUSDT,BUY,ASK,USDT,USDC,MORPHOUSDC,BUY,ASK,USDC,MORPHO,MORPHOUSDT,SELL,BID,MORPHO,USDT
USDT,MORPHO,USDC,USDT,MORPHOUSDT,BUY,ASK,USDT,MORPHO,MORPHOUSDC,SELL,BID,MORPHO,USDC,USDCUSDT,SELL,BID,USDC,USDT
USDT,USDC,MUBARAK,USDT,USDCUSDT,BUY,ASK,USDT,USDC,MUBARAKUSDC,BUY,ASK,USDC,MUBARAK,MUBARAKUSDT,SELL,BID,MUBARAK,USDT
USDT,MUBARAK,USDC,USDT,MUBARAKUSDT,BUY,ASK,USDT,MUBARAK,MUBARAKUSDC,SELL,BID,MUBARAK,USDC,USDCUSDT,SELL,BID,USDC,USDT
USDT,BRL,MX,USDT,BRLUSDT,BUY,ASK,USDT,BRL,MXBRL,BUY,ASK,BRL,MX,MXUSDT,SELL,BID,MX,USDT
USDT,MX,BRL,USDT,MXUSDT,BUY,ASK,USDT,MX,MXBRL,SELL,BID,MX,BRL,BRLUSDT,SELL,BID,BRL,USDT
USDT,BTC,MX,USDT,BTCUSDT,BUY,ASK,USDT,BTC,MXBTC,BUY,ASK,BTC,MX,MXUSDT,SELL,BID,MX,USDT
USDT,MX,BTC,USDT,MXUSDT,BUY,ASK,USDT,MX,MXBTC,SELL,BID,MX,BTC,BTCUSDT,SELL,BID,BTC,USDT
USDT,ETH,MX,USDT,ETHUSDT,BUY,ASK,USDT,ETH,MXETH,BUY,ASK,ETH,MX,MXUSDT,SELL,BID,MX,USDT
USDT,MX,ETH,USDT,MXUSDT,BUY,ASK,USDT,MX,MXETH,SELL,BID,MX,ETH,ETHUSDT,SELL,BID,ETH,USDT
USDT,EUR,MX,USDT,EURUSDT,BUY,ASK,USDT,EUR,MXEUR,BUY,ASK,EUR,MX,MXUSDT,SELL,BID,MX,USDT
USDT,MX,EUR,USDT,MXUSDT,BUY,ASK,USDT,MX,MXEUR,SELL,BID,MX,EUR,EURUSDT,SELL,BID,EUR,USDT
USDT,USDC,MYX,USDT,USDCUSDT,BUY,ASK,USDT,USDC,MYXUSDC,BUY,ASK,USDC,MYX,MYXUSDT,SELL,BID,MYX,USDT
USDT,MYX,USDC,USDT,MYXUSDT,BUY,ASK,USDT,MYX,MYXUSDC,SELL,BID,MYX,USDC,USDCUSDT,SELL,BID,USDC,USDT
USDT,USDC,NAKA,USDT,USDCUSDT,BUY,ASK,USDT,USDC,NAKAUSDC,BUY,ASK,USDC,NAKA,NAKAUSDT,SELL,BID,NAKA,USDT
USDT,NAKA,USDC,USDT,NAKAUSDT,BUY,ASK,USDT,NAKA,NAKAUSDC,SELL,BID,NAKA,USDC,USDCUSDT,SELL,BID,USDC,USDT
USDT,BTC,NEO,USDT,BTCUSDT,BUY,ASK,USDT,BTC,NEOBTC,BUY,ASK,BTC,NEO,NEOUSDT,SELL,BID,NEO,USDT
USDT,NEO,BTC,USDT,NEOUSDT,BUY,ASK,USDT,NEO,NEOBTC,SELL,BID,NEO,BTC,BTCUSDT,SELL,BID,BTC,USDT
USDT,USDC,NEO,USDT,USDCUSDT,BUY,ASK,USDT,USDC,NEOUSDC,BUY,ASK,USDC,NEO,NEOUSDT,SELL,BID,NEO,USDT
USDT,NEO,USDC,USDT,NEOUSDT,BUY,ASK,USDT,NEO,NEOUSDC,SELL,BID,NEO,USDC,USDCUSDT,SELL,BID,USDC,USDT
USDT,USDC,NEWT,USDT,USDCUSDT,BUY,ASK,USDT,USDC,NEWTUSDC,BUY,ASK,USDC,NEWT,NEWTUSDT,SELL,BID,NEWT,USDT
USDT,NEWT,USDC,USDT,NEWTUSDT,BUY,ASK,USDT,NEWT,NEWTUSDC,SELL,BID,NEWT,USDC,USDCUSDT,SELL,BID,USDC,USDT
USDT,USDC,NIGHT,USDT,USDCUSDT,BUY,ASK,USDT,USDC,NIGHTUSDC,BUY,ASK,USDC,NIGHT,NIGHTUSDT,SELL,BID,NIGHT,USDT
USDT,NIGHT,USDC,USDT,NIGHTUSDT,BUY,ASK,USDT,NIGHT,NIGHTUSDC,SELL,BID,NIGHT,USDC,USDCUSDT,SELL,BID,USDC,USDT
USDT,USDC,NIL,USDT,USDCUSDT,BUY,ASK,USDT,USDC,NILUSDC,BUY,ASK,USDC,NIL,NILUSDT,SELL,BID,NIL,USDT
USDT,NIL,USDC,USDT,NILUSDT,BUY,ASK,USDT,NIL,NILUSDC,SELL,BID,NIL,USDC,USDCUSDT,SELL,BID,USDC,USDT
USDT,ETH,NMR,USDT,ETHUSDT,BUY,ASK,USDT,ETH,NMRETH,BUY,ASK,ETH,NMR,NMRUSDT,SELL,BID,NMR,USDT
USDT,NMR,ETH,USDT,NMRUSDT,BUY,ASK,USDT,NMR,NMRETH,SELL,BID,NMR,ETH,ETHUSDT,SELL,BID,ETH,USDT
USDT,USDC,NMR,USDT,USDCUSDT,BUY,ASK,USDT,USDC,NMRUSDC,BUY,ASK,USDC,NMR,NMRUSDT,SELL,BID,NMR,USDT
USDT,NMR,USDC,USDT,NMRUSDT,BUY,ASK,USDT,NMR,NMRUSDC,SELL,BID,NMR,USDC,USDCUSDT,SELL,BID,USDC,USDT
USDT,USDC,NODE,USDT,USDCUSDT,BUY,ASK,USDT,USDC,NODEUSDC,BUY,ASK,USDC,NODE,NODEUSDT,SELL,BID,NODE,USDT
USDT,NODE,USDC,USDT,NODEUSDT,BUY,ASK,USDT,NODE,NODEUSDC,SELL,BID,NODE,USDC,USDCUSDT,SELL,BID,USDC,USDT
USDT,USDC,NOT,USDT,USDCUSDT,BUY,ASK,USDT,USDC,NOTUSDC,BUY,ASK,USDC,NOT,NOTUSDT,SELL,BID,NOT,USDT
USDT,NOT,USDC,USDT,NOTUSDT,BUY,ASK,USDT,NOT,NOTUSDC,SELL,BID,NOT,USDC,USDCUSDT,SELL,BID,USDC,USDT
USDT,USDC,NPC,USDT,USDCUSDT,BUY,ASK,USDT,USDC,NPCUSDC,BUY,ASK,USDC,NPC,NPCUSDT,SELL,BID,NPC,USDT
USDT,NPC,USDC,USDT,NPCUSDT,BUY,ASK,USDT,NPC,NPCUSDC,SELL,BID,NPC,USDC,USDCUSDT,SELL,BID,USDC,USDT
USDT,USDC,NXPC,USDT,USDCUSDT,BUY,ASK,USDT,USDC,NXPCUSDC,BUY,ASK,USDC,NXPC,NXPCUSDT,SELL,BID,NXPC,USDT
USDT,NXPC,USDC,USDT,NXPCUSDT,BUY,ASK,USDT,NXPC,NXPCUSDC,SELL,BID,NXPC,USDC,USDCUSDT,SELL,BID,USDC,USDT
USDT,USDC,OBOL,USDT,USDCUSDT,BUY,ASK,USDT,USDC,OBOLUSDC,BUY,ASK,USDC,OBOL,OBOLUSDT,SELL,BID,OBOL,USDT
USDT,OBOL,USDC,USDT,OBOLUSDT,BUY,ASK,USDT,OBOL,OBOLUSDC,SELL,BID,OBOL,USDC,USDCUSDT,SELL,BID,USDC,USDT
USDT,USDC,OBT,USDT,USDCUSDT,BUY,ASK,USDT,USDC,OBTUSDC,BUY,ASK,USDC,OBT,OBTUSDT,SELL,BID,OBT,USDT
USDT,OBT,USDC,USDT,OBTUSDT,BUY,ASK,USDT,OBT,OBTUSDC,SELL,BID,OBT,USDC,USDCUSDT,SELL,BID,USDC,USDT
USDT,USDC,OM,USDT,USDCUSDT,BUY,ASK,USDT,USDC,OMUSDC,BUY,ASK,USDC,OM,OMUSDT,SELL,BID,OM,USDT
USDT,OM,USDC,USDT,OMUSDT,BUY,ASK,USDT,OM,OMUSDC,SELL,BID,OM,USDC,USDCUSDT,SELL,BID,USDC,USDT
USDT,BTC,OMG,USDT,BTCUSDT,BUY,ASK,USDT,BTC,OMGBTC,BUY,ASK,BTC,OMG,OMGUSDT,SELL,BID,OMG,USDT
USDT,OMG,BTC,USDT,OMGUSDT,BUY,ASK,USDT,OMG,OMGBTC,SELL,BID,OMG,BTC,BTCUSDT,SELL,BID,BTC,USDT
USDT,USDC,OMI,USDT,USDCUSDT,BUY,ASK,USDT,USDC,OMIUSDC,BUY,ASK,USDC,OMI,OMIUSDT,SELL,BID,OMI,USDT
USDT,OMI,USDC,USDT,OMIUSDT,BUY,ASK,USDT,OMI,OMIUSDC,SELL,BID,OMI,USDC,USDCUSDT,SELL,BID,USDC,USDT
USDT,USDC,ONDO,USDT,USDCUSDT,BUY,ASK,USDT,USDC,ONDOUSDC,BUY,ASK,USDC,ONDO,ONDOUSDT,SELL,BID,ONDO,USDT
USDT,ONDO,USDC,USDT,ONDOUSDT,BUY,ASK,USDT,ONDO,ONDOUSDC,SELL,BID,ONDO,USDC,USDCUSDT,SELL,BID,USDC,USDT
USDT,BTC,ONT,USDT,BTCUSDT,BUY,ASK,USDT,BTC,ONTBTC,BUY,ASK,BTC,ONT,ONTUSDT,SELL,BID,ONT,USDT
USDT,ONT,BTC,USDT,ONTUSDT,BUY,ASK,USDT,ONT,ONTBTC,SELL,BID,ONT,BTC,BTCUSDT,SELL,BID,BTC,USDT
USDT,USDC,OPEN,USDT,USDCUSDT,BUY,ASK,USDT,USDC,OPENUSDC,BUY,ASK,USDC,OPEN,OPENUSDT,SELL,BID,OPEN,USDT
USDT,OPEN,USDC,USDT,OPENUSDT,BUY,ASK,USDT,OPEN,OPENUSDC,SELL,BID,OPEN,USDC,USDCUSDT,SELL,BID,USDC,USDT
USDT,USDC,ORCA,USDT,USDCUSDT,BUY,ASK,USDT,USDC,ORCAUSDC,BUY,ASK,USDC,ORCA,ORCAUSDT,SELL,BID,ORCA,USDT
USDT,ORCA,USDC,USDT,ORCAUSDT,BUY,ASK,USDT,ORCA,ORCAUSDC,SELL,BID,ORCA,USDC,USDCUSDT,SELL,BID,USDC,USDT
USDT,USDC,ORDI,USDT,USDCUSDT,BUY,ASK,USDT,USDC,ORDIUSDC,BUY,ASK,USDC,ORDI,ORDIUSDT,SELL,BID,ORDI,USDT
USDT,ORDI,USDC,USDT,ORDIUSDT,BUY,ASK,USDT,ORDI,ORDIUSDC,SELL,BID,ORDI,USDC,USDCUSDT,SELL,BID,USDC,USDT
USDT,ETH,OXT,USDT,ETHUSDT,BUY,ASK,USDT,ETH,OXTETH,BUY,ASK,ETH,OXT,OXTUSDT,SELL,BID,OXT,USDT
USDT,OXT,ETH,USDT,OXTUSDT,BUY,ASK,USDT,OXT,OXTETH,SELL,BID,OXT,ETH,ETHUSDT,SELL,BID,ETH,USDT
USDT,USDC,PARTI,USDT,USDCUSDT,BUY,ASK,USDT,USDC,PARTIUSDC,BUY,ASK,USDC,PARTI,PARTIUSDT,SELL,BID,PARTI,USDT
USDT,PARTI,USDC,USDT,PARTIUSDT,BUY,ASK,USDT,PARTI,PARTIUSDC,SELL,BID,PARTI,USDC,USDCUSDT,SELL,BID,USDC,USDT
USDT,USDC,PEAQ,USDT,USDCUSDT,BUY,ASK,USDT,USDC,PEAQUSDC,BUY,ASK,USDC,PEAQ,PEAQUSDT,SELL,BID,PEAQ,USDT
USDT,PEAQ,USDC,USDT,PEAQUSDT,BUY,ASK,USDT,PEAQ,PEAQUSDC,SELL,BID,PEAQ,USDC,USDCUSDT,SELL,BID,USDC,USDT
USDT,USDC,PENDLE,USDT,USDCUSDT,BUY,ASK,USDT,USDC,PENDLEUSDC,BUY,ASK,USDC,PENDLE,PENDLEUSDT,SELL,BID,PENDLE,USDT
USDT,PENDLE,USDC,USDT,PENDLEUSDT,BUY,ASK,USDT,PENDLE,PENDLEUSDC,SELL,BID,PENDLE,USDC,USDCUSDT,SELL,BID,USDC,USDT
USDT,USDC,PENGU,USDT,USDCUSDT,BUY,ASK,USDT,USDC,PENGUUSDC,BUY,ASK,USDC,PENGU,PENGUUSDT,SELL,BID,PENGU,USDT
USDT,PENGU,USDC,USDT,PENGUUSDT,BUY,ASK,USDT,PENGU,PENGUUSDC,SELL,BID,PENGU,USDC,USDCUSDT,SELL,BID,USDC,USDT
USDT,EUR,PEPE,USDT,EURUSDT,BUY,ASK,USDT,EUR,PEPEEUR,BUY,ASK,EUR,PEPE,PEPEUSDT,SELL,BID,PEPE,USDT
USDT,PEPE,EUR,USDT,PEPEUSDT,BUY,ASK,USDT,PEPE,PEPEEUR,SELL,BID,PEPE,EUR,EURUSDT,SELL,BID,EUR,USDT
USDT,USDC,PEPE,USDT,USDCUSDT,BUY,ASK,USDT,USDC,PEPEUSDC,BUY,ASK,USDC,PEPE,PEPEUSDT,SELL,BID,PEPE,USDT
USDT,PEPE,USDC,USDT,PEPEUSDT,BUY,ASK,USDT,PEPE,PEPEUSDC,SELL,BID,PEPE,USDC,USDCUSDT,SELL,BID,USDC,USDT
USDT,USDE,PEPE,USDT,USDEUSDT,BUY,ASK,USDT,USDE,PEPEUSDE,BUY,ASK,USDE,PEPE,PEPEUSDT,SELL,BID,PEPE,USDT
USDT,PEPE,USDE,USDT,PEPEUSDT,BUY,ASK,USDT,PEPE,PEPEUSDE,SELL,BID,PEPE,USDE,USDEUSDT,SELL,BID,USDE,USDT
USDT,USDC,PHA,USDT,USDCUSDT,BUY,ASK,USDT,USDC,PHAUSDC,BUY,ASK,USDC,PHA,PHAUSDT,SELL,BID,PHA,USDT
USDT,PHA,USDC,USDT,PHAUSDT,BUY,ASK,USDT,PHA,PHAUSDC,SELL,BID,PHA,USDC,USDCUSDT,SELL,BID,USDC,USDT
USDT,EUR,PI,USDT,EURUSDT,BUY,ASK,USDT,EUR,PIEUR,BUY,ASK,EUR,PI,PIUSDT,SELL,BID,PI,USDT
USDT,PI,EUR,USDT,PIUSDT,BUY,ASK,USDT,PI,PIEUR,SELL,BID,PI,EUR,EURUSDT,SELL,BID,EUR,USDT
USDT,USD1,PI,USDT,USD1USDT,BUY,ASK,USDT,USD1,PIUSD1,BUY,ASK,USD1,PI,PIUSDT,SELL,BID,PI,USDT
USDT,PI,USD1,USDT,PIUSDT,BUY,ASK,USDT,PI,PIUSD1,SELL,BID,PI,USD1,USD1USDT,SELL,BID,USD1,USDT
USDT,USDC,PI,USDT,USDCUSDT,BUY,ASK,USDT,USDC,PIUSDC,BUY,ASK,USDC,PI,PIUSDT,SELL,BID,PI,USDT
USDT,PI,USDC,USDT,PIUSDT,BUY,ASK,USDT,PI,PIUSDC,SELL,BID,PI,USDC,USDCUSDT,SELL,BID,USDC,USDT
USDT,USDE,PI,USDT,USDEUSDT,BUY,ASK,USDT,USDE,PIUSDE,BUY,ASK,USDE,PI,PIUSDT,SELL,BID,PI,USDT
USDT,PI,USDE,USDT,PIUSDT,BUY,ASK,USDT,PI,PIUSDE,SELL,BID,PI,USDE,USDEUSDT,SELL,BID,USDE,USDT
USDT,USDC,PIPPIN,USDT,USDCUSDT,BUY,ASK,USDT,USDC,PIPPINUSDC,BUY,ASK,USDC,PIPPIN,PIPPINUSDT,SELL,BID,PIPPIN,USDT
USDT,PIPPIN,USDC,USDT,PIPPINUSDT,BUY,ASK,USDT,PIPPIN,PIPPINUSDC,SELL,BID,PIPPIN,USDC,USDCUSDT,SELL,BID,USDC,USDT
USDT,USDC,PLUME,USDT,USDCUSDT,BUY,ASK,USDT,USDC,PLUMEUSDC,BUY,ASK,USDC,PLUME,PLUMEUSDT,SELL,BID,PLUME,USDT
USDT,PLUME,USDC,USDT,PLUMEUSDT,BUY,ASK,USDT,PLUME,PLUMEUSDC,SELL,BID,PLUME,USDC,USDCUSDT,SELL,BID,USDC,USDT
USDT,USDC,PNUT,USDT,USDCUSDT,BUY,ASK,USDT,USDC,PNUTUSDC,BUY,ASK,USDC,PNUT,PNUTUSDT,SELL,BID,PNUT,USDT
USDT,PNUT,USDC,USDT,PNUTUSDT,BUY,ASK,USDT,PNUT,PNUTUSDC,SELL,BID,PNUT,USDC,USDCUSDT,SELL,BID,USDC,USDT
USDT,USDC,POL,USDT,USDCUSDT,BUY,ASK,USDT,USDC,POLUSDC,BUY,ASK,USDC,POL,POLUSDT,SELL,BID,POL,USDT
USDT,POL,USDC,USDT,POLUSDT,BUY,ASK,USDT,POL,POLUSDC,SELL,BID,POL,USDC,USDCUSDT,SELL,BID,USDC,USDT
USDT,USDC,POPCAT,USDT,USDCUSDT,BUY,ASK,USDT,USDC,POPCATUSDC,BUY,ASK,USDC,POPCAT,POPCATUSDT,SELL,BID,POPCAT,USDT
USDT,POPCAT,USDC,USDT,POPCATUSDT,BUY,ASK,USDT,POPCAT,POPCATUSDC,SELL,BID,POPCAT,USDC,USDCUSDT,SELL,BID,USDC,USDT
USDT,USDC,PRAI,USDT,USDCUSDT,BUY,ASK,USDT,USDC,PRAIUSDC,BUY,ASK,USDC,PRAI,PRAIUSDT,SELL,BID,PRAI,USDT
USDT,PRAI,USDC,USDT,PRAIUSDT,BUY,ASK,USDT,PRAI,PRAIUSDC,SELL,BID,PRAI,USDC,USDCUSDT,SELL,BID,USDC,USDT
USDT,USDC,PROMPT,USDT,USDCUSDT,BUY,ASK,USDT,USDC,PROMPTUSDC,BUY,ASK,USDC,PROMPT,PROMPTUSDT,SELL,BID,PROMPT,USDT
USDT,PROMPT,USDC,USDT,PROMPTUSDT,BUY,ASK,USDT,PROMPT,PROMPTUSDC,SELL,BID,PROMPT,USDC,USDCUSDT,SELL,BID,USDC,USDT
USDT,USDC,PROVE,USDT,USDCUSDT,BUY,ASK,USDT,USDC,PROVEUSDC,BUY,ASK,USDC,PROVE,PROVEUSDT,SELL,BID,PROVE,USDT
USDT,PROVE,USDC,USDT,PROVEUSDT,BUY,ASK,USDT,PROVE,PROVEUSDC,SELL,BID,PROVE,USDC,USDCUSDT,SELL,BID,USDC,USDT
USDT,USDC,PUMP,USDT,USDCUSDT,BUY,ASK,USDT,USDC,PUMPUSDC,BUY,ASK,USDC,PUMP,PUMPUSDT,SELL,BID,PUMP,USDT
USDT,PUMP,USDC,USDT,PUMPUSDT,BUY,ASK,USDT,PUMP,PUMPUSDC,SELL,BID,PUMP,USDC,USDCUSDT,SELL,BID,USDC,USDT
USDT,USDC,PYTH,USDT,USDCUSDT,BUY,ASK,USDT,USDC,PYTHUSDC,BUY,ASK,USDC,PYTH,PYTHUSDT,SELL,BID,PYTH,USDT
USDT,PYTH,USDC,USDT,PYTHUSDT,BUY,ASK,USDT,PYTH,PYTHUSDC,SELL,BID,PYTH,USDC,USDCUSDT,SELL,BID,USDC,USDT
USDT,USDC,QNT,USDT,USDCUSDT,BUY,ASK,USDT,USDC,QNTUSDC,BUY,ASK,USDC,QNT,QNTUSDT,SELL,BID,QNT,USDT
USDT,QNT,USDC,USDT,QNTUSDT,BUY,ASK,USDT,QNT,QNTUSDC,SELL,BID,QNT,USDC,USDCUSDT,SELL,BID,USDC,USDT
USDT,BTC,QTUM,USDT,BTCUSDT,BUY,ASK,USDT,BTC,QTUMBTC,BUY,ASK,BTC,QTUM,QTUMUSDT,SELL,BID,QTUM,USDT
USDT,QTUM,BTC,USDT,QTUMUSDT,BUY,ASK,USDT,QTUM,QTUMBTC,SELL,BID,QTUM,BTC,BTCUSDT,SELL,BID,BTC,USDT
USDT,USDC,QUBIC,USDT,USDCUSDT,BUY,ASK,USDT,USDC,QUBICUSDC,BUY,ASK,USDC,QUBIC,QUBICUSDT,SELL,BID,QUBIC,USDT
USDT,QUBIC,USDC,USDT,QUBICUSDT,BUY,ASK,USDT,QUBIC,QUBICUSDC,SELL,BID,QUBIC,USDC,USDCUSDT,SELL,BID,USDC,USDT
USDT,USDC,RAI,USDT,USDCUSDT,BUY,ASK,USDT,USDC,RAIUSDC,BUY,ASK,USDC,RAI,RAIUSDT,SELL,BID,RAI,USDT
USDT,RAI,USDC,USDT,RAIUSDT,BUY,ASK,USDT,RAI,RAIUSDC,SELL,BID,RAI,USDC,USDCUSDT,SELL,BID,USDC,USDT
USDT,USDC,RARE,USDT,USDCUSDT,BUY,ASK,USDT,USDC,RAREUSDC,BUY,ASK,USDC,RARE,RAREUSDT,SELL,BID,RARE,USDT
USDT,RARE,USDC,USDT,RAREUSDT,BUY,ASK,USDT,RARE,RAREUSDC,SELL,BID,RARE,USDC,USDCUSDT,SELL,BID,USDC,USDT
USDT,USDC,RBNT,USDT,USDCUSDT,BUY,ASK,USDT,USDC,RBNTUSDC,BUY,ASK,USDC,RBNT,RBNTUSDT,SELL,BID,RBNT,USDT
USDT,RBNT,USDC,USDT,RBNTUSDT,BUY,ASK,USDT,RBNT,RBNTUSDC,SELL,BID,RBNT,USDC,USDCUSDT,SELL,BID,USDC,USDT
USDT,USDC,RECALL,USDT,USDCUSDT,BUY,ASK,USDT,USDC,RECALLUSDC,BUY,ASK,USDC,RECALL,RECALLUSDT,SELL,BID,RECALL,USDT
USDT,RECALL,USDC,USDT,RECALLUSDT,BUY,ASK,USDT,RECALL,RECALLUSDC,SELL,BID,RECALL,USDC,USDCUSDT,SELL,BID,USDC,USDT
USDT,USDC,RED,USDT,USDCUSDT,BUY,ASK,USDT,USDC,REDUSDC,BUY,ASK,USDC,RED,REDUSDT,SELL,BID,RED,USDT
USDT,RED,USDC,USDT,REDUSDT,BUY,ASK,USDT,RED,REDUSDC,SELL,BID,RED,USDC,USDCUSDT,SELL,BID,USDC,USDT
USDT,USDC,RENDER,USDT,USDCUSDT,BUY,ASK,USDT,USDC,RENDERUSDC,BUY,ASK,USDC,RENDER,RENDERUSDT,SELL,BID,RENDER,USDT
USDT,RENDER,USDC,USDT,RENDERUSDT,BUY,ASK,USDT,RENDER,RENDERUSDC,SELL,BID,RENDER,USDC,USDCUSDT,SELL,BID,USDC,USDT
USDT,EUR,RIO,USDT,EURUSDT,BUY,ASK,USDT,EUR,RIOEUR,BUY,ASK,EUR,RIO,RIOUSDT,SELL,BID,RIO,USDT
USDT,RIO,EUR,USDT,RIOUSDT,BUY,ASK,USDT,RIO,RIOEUR,SELL,BID,RIO,EUR,EURUSDT,SELL,BID,EUR,USDT
USDT,USDC,RIO,USDT,USDCUSDT,BUY,ASK,USDT,USDC,RIOUSDC,BUY,ASK,USDC,RIO,RIOUSDT,SELL,BID,RIO,USDT
USDT,RIO,USDC,USDT,RIOUSDT,BUY,ASK,USDT,RIO,RIOUSDC,SELL,BID,RIO,USDC,USDCUSDT,SELL,BID,USDC,USDT
USDT,USDC,ROSE,USDT,USDCUSDT,BUY,ASK,USDT,USDC,ROSEUSDC,BUY,ASK,USDC,ROSE,ROSEUSDT,SELL,BID,ROSE,USDT
USDT,ROSE,USDC,USDT,ROSEUSDT,BUY,ASK,USDT,ROSE,ROSEUSDC,SELL,BID,ROSE,USDC,USDCUSDT,SELL,BID,USDC,USDT
USDT,ETH,RSR,USDT,ETHUSDT,BUY,ASK,USDT,ETH,RSRETH,BUY,ASK,ETH,RSR,RSRUSDT,SELL,BID,RSR,USDT
USDT,RSR,ETH,USDT,RSRUSDT,BUY,ASK,USDT,RSR,RSRETH,SELL,BID,RSR,ETH,ETHUSDT,SELL,BID,ETH,USDT
USDT,USDC,RSR,USDT,USDCUSDT,BUY,ASK,USDT,USDC,RSRUSDC,BUY,ASK,USDC,RSR,RSRUSDT,SELL,BID,RSR,USDT
USDT,RSR,USDC,USDT,RSRUSDT,BUY,ASK,USDT,RSR,RSRUSDC,SELL,BID,RSR,USDC,USDCUSDT,SELL,BID,USDC,USDT
USDT,USDC,RUNE,USDT,USDCUSDT,BUY,ASK,USDT,USDC,RUNEUSDC,BUY,ASK,USDC,RUNE,RUNEUSDT,SELL,BID,RUNE,USDT
USDT,RUNE,USDC,USDT,RUNEUSDT,BUY,ASK,USDT,RUNE,RUNEUSDC,SELL,BID,RUNE,USDC,USDCUSDT,SELL,BID,USDC,USDT
USDT,USDC,RVN,USDT,USDCUSDT,BUY,ASK,USDT,USDC,RVNUSDC,BUY,ASK,USDC,RVN,RVNUSDT,SELL,BID,RVN,USDT
USDT,RVN,USDC,USDT,RVNUSDT,BUY,ASK,USDT,RVN,RVNUSDC,SELL,BID,RVN,USDC,USDCUSDT,SELL,BID,USDC,USDT
USDT,USDC,RWA,USDT,USDCUSDT,BUY,ASK,USDT,USDC,RWAUSDC,BUY,ASK,USDC,RWA,RWAUSDT,SELL,BID,RWA,USDT
USDT,RWA,USDC,USDT,RWAUSDT,BUY,ASK,USDT,RWA,RWAUSDC,SELL,BID,RWA,USDC,USDCUSDT,SELL,BID,USDC,USDT
USDT,USDC,S,USDT,USDCUSDT,BUY,ASK,USDT,USDC,SUSDC,BUY,ASK,USDC,S,SUSDT,SELL,BID,S,USDT
USDT,S,USDC,USDT,SUSDT,BUY,ASK,USDT,S,SUSDC,SELL,BID,S,USDC,USDCUSDT,SELL,BID,USDC,USDT
USDT,USD1,SAHARA,USDT,USD1USDT,BUY,ASK,USDT,USD1,SAHARAUSD1,BUY,ASK,USD1,SAHARA,SAHARAUSDT,SELL,BID,SAHARA,USDT
USDT,SAHARA,USD1,USDT,SAHARAUSDT,BUY,ASK,USDT,SAHARA,SAHARAUSD1,SELL,BID,SAHARA,USD1,USD1USDT,SELL,BID,USD1,USDT
USDT,USDC,SAHARA,USDT,USDCUSDT,BUY,ASK,USDT,USDC,SAHARAUSDC,BUY,ASK,USDC,SAHARA,SAHARAUSDT,SELL,BID,SAHARA,USDT
USDT,SAHARA,USDC,USDT,SAHARAUSDT,BUY,ASK,USDT,SAHARA,SAHARAUSDC,SELL,BID,SAHARA,USDC,USDCUSDT,SELL,BID,USDC,USDT
USDT,USDC,SAND,USDT,USDCUSDT,BUY,ASK,USDT,USDC,SANDUSDC,BUY,ASK,USDC,SAND,SANDUSDT,SELL,BID,SAND,USDT
USDT,SAND,USDC,USDT,SANDUSDT,BUY,ASK,USDT,SAND,SANDUSDC,SELL,BID,SAND,USDC,USDCUSDT,SELL,BID,USDC,USDT
USDT,USDC,SAPIEN,USDT,USDCUSDT,BUY,ASK,USDT,USDC,SAPIENUSDC,BUY,ASK,USDC,SAPIEN,SAPIENUSDT,SELL,BID,SAPIEN,USDT
USDT,SAPIEN,USDC,USDT,SAPIENUSDT,BUY,ASK,USDT,SAPIEN,SAPIENUSDC,SELL,BID,SAPIEN,USDC,USDCUSDT,SELL,BID,USDC,USDT
USDT,USDC,SEI,USDT,USDCUSDT,BUY,ASK,USDT,USDC,SEIUSDC,BUY,ASK,USDC,SEI,SEIUSDT,SELL,BID,SEI,USDT
USDT,SEI,USDC,USDT,SEIUSDT,BUY,ASK,USDT,SEI,SEIUSDC,SELL,BID,SEI,USDC,USDCUSDT,SELL,BID,USDC,USDT
USDT,USDC,SEN,USDT,USDCUSDT,BUY,ASK,USDT,USDC,SENUSDC,BUY,ASK,USDC,SEN,SENUSDT,SELL,BID,SEN,USDT
USDT,SEN,USDC,USDT,SENUSDT,BUY,ASK,USDT,SEN,SENUSDC,SELL,BID,SEN,USDC,USDCUSDT,SELL,BID,USDC,USDT
USDT,EUR,SHIB,USDT,EURUSDT,BUY,ASK,USDT,EUR,SHIBEUR,BUY,ASK,EUR,SHIB,SHIBUSDT,SELL,BID,SHIB,USDT
USDT,SHIB,EUR,USDT,SHIBUSDT,BUY,ASK,USDT,SHIB,SHIBEUR,SELL,BID,SHIB,EUR,EURUSDT,SELL,BID,EUR,USDT
USDT,USDC,SIGN,USDT,USDCUSDT,BUY,ASK,USDT,USDC,SIGNUSDC,BUY,ASK,USDC,SIGN,SIGNUSDT,SELL,BID,SIGN,USDT
USDT,SIGN,USDC,USDT,SIGNUSDT,BUY,ASK,USDT,SIGN,SIGNUSDC,SELL,BID,SIGN,USDC,USDCUSDT,SELL,BID,USDC,USDT
USDT,USDC,SKATE,USDT,USDCUSDT,BUY,ASK,USDT,USDC,SKATEUSDC,BUY,ASK,USDC,SKATE,SKATEUSDT,SELL,BID,SKATE,USDT
USDT,SKATE,USDC,USDT,SKATEUSDT,BUY,ASK,USDT,SKATE,SKATEUSDC,SELL,BID,SKATE,USDC,USDCUSDT,SELL,BID,USDC,USDT
USDT,USDC,SKY,USDT,USDCUSDT,BUY,ASK,USDT,USDC,SKYUSDC,BUY,ASK,USDC,SKY,SKYUSDT,SELL,BID,SKY,USDT
USDT,SKY,USDC,USDT,SKYUSDT,BUY,ASK,USDT,SKY,SKYUSDC,SELL,BID,SKY,USDC,USDCUSDT,SELL,BID,USDC,USDT
USDT,ETH,SNX,USDT,ETHUSDT,BUY,ASK,USDT,ETH,SNXETH,BUY,ASK,ETH,SNX,SNXUSDT,SELL,BID,SNX,USDT
USDT,SNX,ETH,USDT,SNXUSDT,BUY,ASK,USDT,SNX,SNXETH,SELL,BID,SNX,ETH,ETHUSDT,SELL,BID,ETH,USDT
USDT,USDC,SNX,USDT,USDCUSDT,BUY,ASK,USDT,USDC,SNXUSDC,BUY,ASK,USDC,SNX,SNXUSDT,SELL,BID,SNX,USDT
USDT,SNX,USDC,USDT,SNXUSDT,BUY,ASK,USDT,SNX,SNXUSDC,SELL,BID,SNX,USDC,USDCUSDT,SELL,BID,USDC,USDT
USDT,BRL,SOL,USDT,BRLUSDT,BUY,ASK,USDT,BRL,SOLBRL,BUY,ASK,BRL,SOL,SOLUSDT,SELL,BID,SOL,USDT
USDT,SOL,BRL,USDT,SOLUSDT,BUY,ASK,USDT,SOL,SOLBRL,SELL,BID,SOL,BRL,BRLUSDT,SELL,BID,BRL,USDT
USDT,BTC,SOL,USDT,BTCUSDT,BUY,ASK,USDT,BTC,SOLBTC,BUY,ASK,BTC,SOL,SOLUSDT,SELL,BID,SOL,USDT
USDT,SOL,BTC,USDT,SOLUSDT,BUY,ASK,USDT,SOL,SOLBTC,SELL,BID,SOL,BTC,BTCUSDT,SELL,BID,BTC,USDT
USDT,EUR,SOL,USDT,EURUSDT,BUY,ASK,USDT,EUR,SOLEUR,BUY,ASK,EUR,SOL,SOLUSDT,SELL,BID,SOL,USDT
USDT,SOL,EUR,USDT,SOLUSDT,BUY,ASK,USDT,SOL,SOLEUR,SELL,BID,SOL,EUR,EURUSDT,SELL,BID,EUR,USDT
USDT,USD1,SOL,USDT,USD1USDT,BUY,ASK,USDT,USD1,SOLUSD1,BUY,ASK,USD1,SOL,SOLUSDT,SELL,BID,SOL,USDT
USDT,SOL,USD1,USDT,SOLUSDT,BUY,ASK,USDT,SOL,SOLUSD1,SELL,BID,SOL,USD1,USD1USDT,SELL,BID,USD1,USDT
USDT,USDE,SOL,USDT,USDEUSDT,BUY,ASK,USDT,USDE,SOLUSDE,BUY,ASK,USDE,SOL,SOLUSDT,SELL,BID,SOL,USDT
USDT,SOL,USDE,USDT,SOLUSDT,BUY,ASK,USDT,SOL,SOLUSDE,SELL,BID,SOL,USDE,USDEUSDT,SELL,BID,USDE,USDT
USDT,USDC,SOMI,USDT,USDCUSDT,BUY,ASK,USDT,USDC,SOMIUSDC,BUY,ASK,USDC,SOMI,SOMIUSDT,SELL,BID,SOMI,USDT
USDT,SOMI,USDC,USDT,SOMIUSDT,BUY,ASK,USDT,SOMI,SOMIUSDC,SELL,BID,SOMI,USDC,USDCUSDT,SELL,BID,USDC,USDT
USDT,USDC,SOON,USDT,USDCUSDT,BUY,ASK,USDT,USDC,SOONUSDC,BUY,ASK,USDC,SOON,SOONUSDT,SELL,BID,SOON,USDT
USDT,SOON,USDC,USDT,SOONUSDT,BUY,ASK,USDT,SOON,SOONUSDC,SELL,BID,SOON,USDC,USDCUSDT,SELL,BID,USDC,USDT
USDT,USDC,SOSO,USDT,USDCUSDT,BUY,ASK,USDT,USDC,SOSOUSDC,BUY,ASK,USDC,SOSO,SOSOUSDT,SELL,BID,SOSO,USDT
USDT,SOSO,USDC,USDT,SOSOUSDT,BUY,ASK,USDT,SOSO,SOSOUSDC,SELL,BID,SOSO,USDC,USDCUSDT,SELL,BID,USDC,USDT
USDT,USDC,SPK,USDT,USDCUSDT,BUY,ASK,USDT,USDC,SPKUSDC,BUY,ASK,USDC,SPK,SPKUSDT,SELL,BID,SPK,USDT
USDT,SPK,USDC,USDT,SPKUSDT,BUY,ASK,USDT,SPK,SPKUSDC,SELL,BID,SPK,USDC,USDCUSDT,SELL,BID,USDC,USDT
USDT,USDC,SPX,USDT,USDCUSDT,BUY,ASK,USDT,USDC,SPXUSDC,BUY,ASK,USDC,SPX,SPXUSDT,SELL,BID,SPX,USDT
USDT,SPX,USDC,USDT,SPXUSDT,BUY,ASK,USDT,SPX,SPXUSDC,SELL,BID,SPX,USDC,USDCUSDT,SELL,BID,USDC,USDT
USDT,USDC,STABLE,USDT,USDCUSDT,BUY,ASK,USDT,USDC,STABLEUSDC,BUY,ASK,USDC,STABLE,STABLEUSDT,SELL,BID,STABLE,USDT
USDT,STABLE,USDC,USDT,STABLEUSDT,BUY,ASK,USDT,STABLE,STABLEUSDC,SELL,BID,STABLE,USDC,USDCUSDT,SELL,BID,USDC,USDT
USDT,USDC,STO,USDT,USDCUSDT,BUY,ASK,USDT,USDC,STOUSDC,BUY,ASK,USDC,STO,STOUSDT,SELL,BID,STO,USDT
USDT,STO,USDC,USDT,STOUSDT,BUY,ASK,USDT,STO,STOUSDC,SELL,BID,STO,USDC,USDCUSDT,SELL,BID,USDC,USDT
USDT,USDC,STX,USDT,USDCUSDT,BUY,ASK,USDT,USDC,STXUSDC,BUY,ASK,USDC,STX,STXUSDT,SELL,BID,STX,USDT
USDT,STX,USDC,USDT,STXUSDT,BUY,ASK,USDT,STX,STXUSDC,SELL,BID,STX,USDC,USDCUSDT,SELL,BID,USDC,USDT
USDT,EUR,SUI,USDT,EURUSDT,BUY,ASK,USDT,EUR,SUIEUR,BUY,ASK,EUR,SUI,SUIUSDT,SELL,BID,SUI,USDT
USDT,SUI,EUR,USDT,SUIUSDT,BUY,ASK,USDT,SUI,SUIEUR,SELL,BID,SUI,EUR,EURUSDT,SELL,BID,EUR,USDT
USDT,USDC,SUI,USDT,USDCUSDT,BUY,ASK,USDT,USDC,SUIUSDC,BUY,ASK,USDC,SUI,SUIUSDT,SELL,BID,SUI,USDT
USDT,SUI,USDC,USDT,SUIUSDT,BUY,ASK,USDT,SUI,SUIUSDC,SELL,BID,SUI,USDC,USDCUSDT,SELL,BID,USDC,USDT
USDT,USDE,SUI,USDT,USDEUSDT,BUY,ASK,USDT,USDE,SUIUSDE,BUY,ASK,USDE,SUI,SUIUSDT,SELL,BID,SUI,USDT
USDT,SUI,USDE,USDT,SUIUSDT,BUY,ASK,USDT,SUI,SUIUSDE,SELL,BID,SUI,USDE,USDEUSDT,SELL,BID,USDE,USDT
USDT,USDC,SUPRA,USDT,USDCUSDT,BUY,ASK,USDT,USDC,SUPRAUSDC,BUY,ASK,USDC,SUPRA,SUPRAUSDT,SELL,BID,SUPRA,USDT
USDT,SUPRA,USDC,USDT,SUPRAUSDT,BUY,ASK,USDT,SUPRA,SUPRAUSDC,SELL,BID,SUPRA,USDC,USDCUSDT,SELL,BID,USDC,USDT
USDT,USDC,SUSHI,USDT,USDCUSDT,BUY,ASK,USDT,USDC,SUSHIUSDC,BUY,ASK,USDC,SUSHI,SUSHIUSDT,SELL,BID,SUSHI,USDT
USDT,SUSHI,USDC,USDT,SUSHIUSDT,BUY,ASK,USDT,SUSHI,SUSHIUSDC,SELL,BID,SUSHI,USDC,USDCUSDT,SELL,BID,USDC,USDT
USDT,USDC,SXT,USDT,USDCUSDT,BUY,ASK,USDT,USDC,SXTUSDC,BUY,ASK,USDC,SXT,SXTUSDT,SELL,BID,SXT,USDT
USDT,SXT,USDC,USDT,SXTUSDT,BUY,ASK,USDT,SXT,SXTUSDC,SELL,BID,SXT,USDC,USDCUSDT,SELL,BID,USDC,USDT
USDT,USDC,SYRUP,USDT,USDCUSDT,BUY,ASK,USDT,USDC,SYRUPUSDC,BUY,ASK,USDC,SYRUP,SYRUPUSDT,SELL,BID,SYRUP,USDT
USDT,SYRUP,USDC,USDT,SYRUPUSDT,BUY,ASK,USDT,SYRUP,SYRUPUSDC,SELL,BID,SYRUP,USDC,USDCUSDT,SELL,BID,USDC,USDT
USDT,USD1,TAG,USDT,USD1USDT,BUY,ASK,USDT,USD1,TAGUSD1,BUY,ASK,USD1,TAG,TAGUSDT,SELL,BID,TAG,USDT
USDT,TAG,USD1,USDT,TAGUSDT,BUY,ASK,USDT,TAG,TAGUSD1,SELL,BID,TAG,USD1,USD1USDT,SELL,BID,USD1,USDT
USDT,EUR,TAO,USDT,EURUSDT,BUY,ASK,USDT,EUR,TAOEUR,BUY,ASK,EUR,TAO,TAOUSDT,SELL,BID,TAO,USDT
USDT,TAO,EUR,USDT,TAOUSDT,BUY,ASK,USDT,TAO,TAOEUR,SELL,BID,TAO,EUR,EURUSDT,SELL,BID,EUR,USDT
USDT,USDC,TAO,USDT,USDCUSDT,BUY,ASK,USDT,USDC,TAOUSDC,BUY,ASK,USDC,TAO,TAOUSDT,SELL,BID,TAO,USDT
USDT,TAO,USDC,USDT,TAOUSDT,BUY,ASK,USDT,TAO,TAOUSDC,SELL,BID,TAO,USDC,USDCUSDT,SELL,BID,USDC,USDT
USDT,USDC,TIA,USDT,USDCUSDT,BUY,ASK,USDT,USDC,TIAUSDC,BUY,ASK,USDC,TIA,TIAUSDT,SELL,BID,TIA,USDT
USDT,TIA,USDC,USDT,TIAUSDT,BUY,ASK,USDT,TIA,TIAUSDC,SELL,BID,TIA,USDC,USDCUSDT,SELL,BID,USDC,USDT
USDT,USDC,TNSR,USDT,USDCUSDT,BUY,ASK,USDT,USDC,TNSRUSDC,BUY,ASK,USDC,TNSR,TNSRUSDT,SELL,BID,TNSR,USDT
USDT,TNSR,USDC,USDT,TNSRUSDT,BUY,ASK,USDT,TNSR,TNSRUSDC,SELL,BID,TNSR,USDC,USDCUSDT,SELL,BID,USDC,USDT
USDT,EUR,TON,USDT,EURUSDT,BUY,ASK,USDT,EUR,TONEUR,BUY,ASK,EUR,TON,TONUSDT,SELL,BID,TON,USDT
USDT,TON,EUR,USDT,TONUSDT,BUY,ASK,USDT,TON,TONEUR,SELL,BID,TON,EUR,EURUSDT,SELL,BID,EUR,USDT
USDT,USDC,TON,USDT,USDCUSDT,BUY,ASK,USDT,USDC,TONUSDC,BUY,ASK,USDC,TON,TONUSDT,SELL,BID,TON,USDT
USDT,TON,USDC,USDT,TONUSDT,BUY,ASK,USDT,TON,TONUSDC,SELL,BID,TON,USDC,USDCUSDT,SELL,BID,USDC,USDT
USDT,USDC,TOWNS,USDT,USDCUSDT,BUY,ASK,USDT,USDC,TOWNSUSDC,BUY,ASK,USDC,TOWNS,TOWNSUSDT,SELL,BID,TOWNS,USDT
USDT,TOWNS,USDC,USDT,TOWNSUSDT,BUY,ASK,USDT,TOWNS,TOWNSUSDC,SELL,BID,TOWNS,USDC,USDCUSDT,SELL,BID,USDC,USDT
USDT,USDC,TREE,USDT,USDCUSDT,BUY,ASK,USDT,USDC,TREEUSDC,BUY,ASK,USDC,TREE,TREEUSDT,SELL,BID,TREE,USDT
USDT,TREE,USDC,USDT,TREEUSDT,BUY,ASK,USDT,TREE,TREEUSDC,SELL,BID,TREE,USDC,USDCUSDT,SELL,BID,USDC,USDT
USDT,EUR,TRUMP,USDT,EURUSDT,BUY,ASK,USDT,EUR,TRUMPEUR,BUY,ASK,EUR,TRUMP,TRUMPUSDT,SELL,BID,TRUMP,USDT
USDT,TRUMP,EUR,USDT,TRUMPUSDT,BUY,ASK,USDT,TRUMP,TRUMPEUR,SELL,BID,TRUMP,EUR,EURUSDT,SELL,BID,EUR,USDT
USDT,USD1,TRUMP,USDT,USD1USDT,BUY,ASK,USDT,USD1,TRUMPUSD1,BUY,ASK,USD1,TRUMP,TRUMPUSDT,SELL,BID,TRUMP,USDT
USDT,TRUMP,USD1,USDT,TRUMPUSDT,BUY,ASK,USDT,TRUMP,TRUMPUSD1,SELL,BID,TRUMP,USD1,USD1USDT,SELL,BID,USD1,USDT
USDT,USDC,TRUMP,USDT,USDCUSDT,BUY,ASK,USDT,USDC,TRUMPUSDC,BUY,ASK,USDC,TRUMP,TRUMPUSDT,SELL,BID,TRUMP,USDT
USDT,TRUMP,USDC,USDT,TRUMPUSDT,BUY,ASK,USDT,TRUMP,TRUMPUSDC,SELL,BID,TRUMP,USDC,USDCUSDT,SELL,BID,USDC,USDT
USDT,BTC,TRX,USDT,BTCUSDT,BUY,ASK,USDT,BTC,TRXBTC,BUY,ASK,BTC,TRX,TRXUSDT,SELL,BID,TRX,USDT
USDT,TRX,BTC,USDT,TRXUSDT,BUY,ASK,USDT,TRX,TRXBTC,SELL,BID,TRX,BTC,BTCUSDT,SELL,BID,BTC,USDT
USDT,USDE,TRX,USDT,USDEUSDT,BUY,ASK,USDT,USDE,TRXUSDE,BUY,ASK,USDE,TRX,TRXUSDT,SELL,BID,TRX,USDT
USDT,TRX,USDE,USDT,TRXUSDT,BUY,ASK,USDT,TRX,TRXUSDE,SELL,BID,TRX,USDE,USDEUSDT,SELL,BID,USDE,USDT
USDT,USDC,TST,USDT,USDCUSDT,BUY,ASK,USDT,USDC,TSTUSDC,BUY,ASK,USDC,TST,TSTUSDT,SELL,BID,TST,USDT
USDT,TST,USDC,USDT,TSTUSDT,BUY,ASK,USDT,TST,TSTUSDC,SELL,BID,TST,USDC,USDCUSDT,SELL,BID,USDC,USDT
USDT,USDC,TURBO,USDT,USDCUSDT,BUY,ASK,USDT,USDC,TURBOUSDC,BUY,ASK,USDC,TURBO,TURBOUSDT,SELL,BID,TURBO,USDT
USDT,TURBO,USDC,USDT,TURBOUSDT,BUY,ASK,USDT,TURBO,TURBOUSDC,SELL,BID,TURBO,USDC,USDCUSDT,SELL,BID,USDC,USDT
USDT,USDC,TWT,USDT,USDCUSDT,BUY,ASK,USDT,USDC,TWTUSDC,BUY,ASK,USDC,TWT,TWTUSDT,SELL,BID,TWT,USDT
USDT,TWT,USDC,USDT,TWTUSDT,BUY,ASK,USDT,TWT,TWTUSDC,SELL,BID,TWT,USDC,USDCUSDT,SELL,BID,USDC,USDT
USDT,EUR,ULTIMA,USDT,EURUSDT,BUY,ASK,USDT,EUR,ULTIMAEUR,BUY,ASK,EUR,ULTIMA,ULTIMAUSDT,SELL,BID,ULTIMA,USDT
USDT,ULTIMA,EUR,USDT,ULTIMAUSDT,BUY,ASK,USDT,ULTIMA,ULTIMAEUR,SELL,BID,ULTIMA,EUR,EURUSDT,SELL,BID,EUR,USDT
USDT,USDC,ULTIMA,USDT,USDCUSDT,BUY,ASK,USDT,USDC,ULTIMAUSDC,BUY,ASK,USDC,ULTIMA,ULTIMAUSDT,SELL,BID,ULTIMA,USDT
USDT,ULTIMA,USDC,USDT,ULTIMAUSDT,BUY,ASK,USDT,ULTIMA,ULTIMAUSDC,SELL,BID,ULTIMA,USDC,USDCUSDT,SELL,BID,USDC,USDT
USDT,USDE,ULTIMA,USDT,USDEUSDT,BUY,ASK,USDT,USDE,ULTIMAUSDE,BUY,ASK,USDE,ULTIMA,ULTIMAUSDT,SELL,BID,ULTIMA,USDT
USDT,ULTIMA,USDE,USDT,ULTIMAUSDT,BUY,ASK,USDT,ULTIMA,ULTIMAUSDE,SELL,BID,ULTIMA,USDE,USDEUSDT,SELL,BID,USDE,USDT
USDT,ETH,UNI,USDT,ETHUSDT,BUY,ASK,USDT,ETH,UNIETH,BUY,ASK,ETH,UNI,UNIUSDT,SELL,BID,UNI,USDT
USDT,UNI,ETH,USDT,UNIUSDT,BUY,ASK,USDT,UNI,UNIETH,SELL,BID,UNI,ETH,ETHUSDT,SELL,BID,ETH,USDT
USDT,BRL,USDC,USDT,BRLUSDT,BUY,ASK,USDT,BRL,USDCBRL,BUY,ASK,BRL,USDC,USDCUSDT,SELL,BID,USDC,USDT
USDT,USDC,BRL,USDT,USDCUSDT,BUY,ASK,USDT,USDC,USDCBRL,SELL,BID,USDC,BRL,BRLUSDT,SELL,BID,BRL,USDT
USDT,EUR,USDC,USDT,EURUSDT,BUY,ASK,USDT,EUR,USDCEUR,BUY,ASK,EUR,USDC,USDCUSDT,SELL,BID,USDC,USDT
USDT,USDC,EUR,USDT,USDCUSDT,BUY,ASK,USDT,USDC,USDCEUR,SELL,BID,USDC,EUR,EURUSDT,SELL,BID,EUR,USDT
USDT,USDC,EUR,USDT,USDCUSDT,BUY,ASK,USDT,USDC,USDCEUR,SELL,BID,USDC,EUR,EURUSDT,SELL,BID,EUR,USDT
USDT,EUR,USDC,USDT,EURUSDT,BUY,ASK,USDT,EUR,USDCEUR,BUY,ASK,EUR,USDC,USDCUSDT,SELL,BID,USDC,USDT
USDT,USDF,USDC,USDT,USDFUSDT,BUY,ASK,USDT,USDF,USDCUSDF,BUY,ASK,USDF,USDC,USDCUSDT,SELL,BID,USDC,USDT
USDT,USDC,USDF,USDT,USDCUSDT,BUY,ASK,USDT,USDC,USDCUSDF,SELL,BID,USDC,USDF,USDFUSDT,SELL,BID,USDF,USDT
USDT,USDC,USELESS,USDT,USDCUSDT,BUY,ASK,USDT,USDC,USELESSUSDC,BUY,ASK,USDC,USELESS,USELESSUSDT,SELL,BID,USELESS,USDT
USDT,USELESS,USDC,USDT,USELESSUSDT,BUY,ASK,USDT,USELESS,USELESSUSDC,SELL,BID,USELESS,USDC,USDCUSDT,SELL,BID,USDC,USDT
USDT,USDC,USUAL,USDT,USDCUSDT,BUY,ASK,USDT,USDC,USUALUSDC,BUY,ASK,USDC,USUAL,USUALUSDT,SELL,BID,USUAL,USDT
USDT,USUAL,USDC,USDT,USUALUSDT,BUY,ASK,USDT,USUAL,USUALUSDC,SELL,BID,USUAL,USDC,USDCUSDT,SELL,BID,USDC,USDT
USDT,USDC,VANRY,USDT,USDCUSDT,BUY,ASK,USDT,USDC,VANRYUSDC,BUY,ASK,USDC,VANRY,VANRYUSDT,SELL,BID,VANRY,USDT
USDT,VANRY,USDC,USDT,VANRYUSDT,BUY,ASK,USDT,VANRY,VANRYUSDC,SELL,BID,VANRY,USDC,USDCUSDT,SELL,BID,USDC,USDT
USDT,USDC,VELVET,USDT,USDCUSDT,BUY,ASK,USDT,USDC,VELVETUSDC,BUY,ASK,USDC,VELVET,VELVETUSDT,SELL,BID,VELVET,USDT
USDT,VELVET,USDC,USDT,VELVETUSDT,BUY,ASK,USDT,VELVET,VELVETUSDC,SELL,BID,VELVET,USDC,USDCUSDT,SELL,BID,USDC,USDT
USDT,USDC,VET,USDT,USDCUSDT,BUY,ASK,USDT,USDC,VETUSDC,BUY,ASK,USDC,VET,VETUSDT,SELL,BID,VET,USDT
USDT,VET,USDC,USDT,VETUSDT,BUY,ASK,USDT,VET,VETUSDC,SELL,BID,VET,USDC,USDCUSDT,SELL,BID,USDC,USDT
USDT,BRL,VINE,USDT,BRLUSDT,BUY,ASK,USDT,BRL,VINEBRL,BUY,ASK,BRL,VINE,VINEUSDT,SELL,BID,VINE,USDT
USDT,VINE,BRL,USDT,VINEUSDT,BUY,ASK,USDT,VINE,VINEBRL,SELL,BID,VINE,BRL,BRLUSDT,SELL,BID,BRL,USDT
USDT,USDC,VIRTUAL,USDT,USDCUSDT,BUY,ASK,USDT,USDC,VIRTUALUSDC,BUY,ASK,USDC,VIRTUAL,VIRTUALUSDT,SELL,BID,VIRTUAL,USDT
USDT,VIRTUAL,USDC,USDT,VIRTUALUSDT,BUY,ASK,USDT,VIRTUAL,VIRTUALUSDC,SELL,BID,VIRTUAL,USDC,USDCUSDT,SELL,BID,USDC,USDT
USDT,USDC,W,USDT,USDCUSDT,BUY,ASK,USDT,USDC,WUSDC,BUY,ASK,USDC,W,WUSDT,SELL,BID,W,USDT
USDT,W,USDC,USDT,WUSDT,BUY,ASK,USDT,W,WUSDC,SELL,BID,W,USDC,USDCUSDT,SELL,BID,USDC,USDT
USDT,USDC,WAL,USDT,USDCUSDT,BUY,ASK,USDT,USDC,WALUSDC,BUY,ASK,USDC,WAL,WALUSDT,SELL,BID,WAL,USDT
USDT,WAL,USDC,USDT,WALUSDT,BUY,ASK,USDT,WAL,WALUSDC,SELL,BID,WAL,USDC,USDCUSDT,SELL,BID,USDC,USDT
USDT,BTC,WBTC,USDT,BTCUSDT,BUY,ASK,USDT,BTC,WBTCBTC,BUY,ASK,BTC,WBTC,WBTCUSDT,SELL,BID,WBTC,USDT
USDT,WBTC,BTC,USDT,WBTCUSDT,BUY,ASK,USDT,WBTC,WBTCBTC,SELL,BID,WBTC,BTC,BTCUSDT,SELL,BID,BTC,USDT
USDT,USDC,WCT,USDT,USDCUSDT,BUY,ASK,USDT,USDC,WCTUSDC,BUY,ASK,USDC,WCT,WCTUSDT,SELL,BID,WCT,USDT
USDT,WCT,USDC,USDT,WCTUSDT,BUY,ASK,USDT,WCT,WCTUSDC,SELL,BID,WCT,USDC,USDCUSDT,SELL,BID,USDC,USDT
USDT,USDC,WET,USDT,USDCUSDT,BUY,ASK,USDT,USDC,WETUSDC,BUY,ASK,USDC,WET,WETUSDT,SELL,BID,WET,USDT
USDT,WET,USDC,USDT,WETUSDT,BUY,ASK,USDT,WET,WETUSDC,SELL,BID,WET,USDC,USDCUSDT,SELL,BID,USDC,USDT
USDT,USDC,WHITE,USDT,USDCUSDT,BUY,ASK,USDT,USDC,WHITEUSDC,BUY,ASK,USDC,WHITE,WHITEUSDT,SELL,BID,WHITE,USDT
USDT,WHITE,USDC,USDT,WHITEUSDT,BUY,ASK,USDT,WHITE,WHITEUSDC,SELL,BID,WHITE,USDC,USDCUSDT,SELL,BID,USDC,USDT
USDT,EUR,WIF,USDT,EURUSDT,BUY,ASK,USDT,EUR,WIFEUR,BUY,ASK,EUR,WIF,WIFUSDT,SELL,BID,WIF,USDT
USDT,WIF,EUR,USDT,WIFUSDT,BUY,ASK,USDT,WIF,WIFEUR,SELL,BID,WIF,EUR,EURUSDT,SELL,BID,EUR,USDT
USDT,USDC,WIF,USDT,USDCUSDT,BUY,ASK,USDT,USDC,WIFUSDC,BUY,ASK,USDC,WIF,WIFUSDT,SELL,BID,WIF,USDT
USDT,WIF,USDC,USDT,WIFUSDT,BUY,ASK,USDT,WIF,WIFUSDC,SELL,BID,WIF,USDC,USDCUSDT,SELL,BID,USDC,USDT
USDT,USDC,WLD,USDT,USDCUSDT,BUY,ASK,USDT,USDC,WLDUSDC,BUY,ASK,USDC,WLD,WLDUSDT,SELL,BID,WLD,USDT
USDT,WLD,USDC,USDT,WLDUSDT,BUY,ASK,USDT,WLD,WLDUSDC,SELL,BID,WLD,USDC,USDCUSDT,SELL,BID,USDC,USDT
USDT,USD1,WLFI,USDT,USD1USDT,BUY,ASK,USDT,USD1,WLFIUSD1,BUY,ASK,USD1,WLFI,WLFIUSDT,SELL,BID,WLFI,USDT
USDT,WLFI,USD1,USDT,WLFIUSDT,BUY,ASK,USDT,WLFI,WLFIUSD1,SELL,BID,WLFI,USD1,USD1USDT,SELL,BID,USD1,USDT
USDT,USDC,WLFI,USDT,USDCUSDT,BUY,ASK,USDT,USDC,WLFIUSDC,BUY,ASK,USDC,WLFI,WLFIUSDT,SELL,BID,WLFI,USDT
USDT,WLFI,USDC,USDT,WLFIUSDT,BUY,ASK,USDT,WLFI,WLFIUSDC,SELL,BID,WLFI,USDC,USDCUSDT,SELL,BID,USDC,USDT
USDT,USDC,XAN,USDT,USDCUSDT,BUY,ASK,USDT,USDC,XANUSDC,BUY,ASK,USDC,XAN,XANUSDT,SELL,BID,XAN,USDT
USDT,XAN,USDC,USDT,XANUSDT,BUY,ASK,USDT,XAN,XANUSDC,SELL,BID,XAN,USDC,USDCUSDT,SELL,BID,USDC,USDT
USDT,USDC,XCN,USDT,USDCUSDT,BUY,ASK,USDT,USDC,XCNUSDC,BUY,ASK,USDC,XCN,XCNUSDT,SELL,BID,XCN,USDT
USDT,XCN,USDC,USDT,XCNUSDT,BUY,ASK,USDT,XCN,XCNUSDC,SELL,BID,XCN,USDC,USDCUSDT,SELL,BID,USDC,USDT
USDT,USDC,XDC,USDT,USDCUSDT,BUY,ASK,USDT,USDC,XDCUSDC,BUY,ASK,USDC,XDC,XDCUSDT,SELL,BID,XDC,USDT
USDT,XDC,USDC,USDT,XDCUSDT,BUY,ASK,USDT,XDC,XDCUSDC,SELL,BID,XDC,USDC,USDCUSDT,SELL,BID,USDC,USDT
USDT,BTC,XLM,USDT,BTCUSDT,BUY,ASK,USDT,BTC,XLMBTC,BUY,ASK,BTC,XLM,XLMUSDT,SELL,BID,XLM,USDT
USDT,XLM,BTC,USDT,XLMUSDT,BUY,ASK,USDT,XLM,XLMBTC,SELL,BID,XLM,BTC,BTCUSDT,SELL,BID,BTC,USDT
USDT,USDC,XLM,USDT,USDCUSDT,BUY,ASK,USDT,USDC,XLMUSDC,BUY,ASK,USDC,XLM,XLMUSDT,SELL,BID,XLM,USDT
USDT,XLM,USDC,USDT,XLMUSDT,BUY,ASK,USDT,XLM,XLMUSDC,SELL,BID,XLM,USDC,USDCUSDT,SELL,BID,USDC,USDT
USDT,USDC,XMR,USDT,USDCUSDT,BUY,ASK,USDT,USDC,XMRUSDC,BUY,ASK,USDC,XMR,XMRUSDT,SELL,BID,XMR,USDT
USDT,XMR,USDC,USDT,XMRUSDT,BUY,ASK,USDT,XMR,XMRUSDC,SELL,BID,XMR,USDC,USDCUSDT,SELL,BID,USDC,USDT
USDT,USDC,XPL,USDT,USDCUSDT,BUY,ASK,USDT,USDC,XPLUSDC,BUY,ASK,USDC,XPL,XPLUSDT,SELL,BID,XPL,USDT
USDT,XPL,USDC,USDT,XPLUSDT,BUY,ASK,USDT,XPL,XPLUSDC,SELL,BID,XPL,USDC,USDCUSDT,SELL,BID,USDC,USDT
USDT,BRL,XRP,USDT,BRLUSDT,BUY,ASK,USDT,BRL,XRPBRL,BUY,ASK,BRL,XRP,XRPUSDT,SELL,BID,XRP,USDT
USDT,XRP,BRL,USDT,XRPUSDT,BUY,ASK,USDT,XRP,XRPBRL,SELL,BID,XRP,BRL,BRLUSDT,SELL,BID,BRL,USDT
USDT,BTC,XRP,USDT,BTCUSDT,BUY,ASK,USDT,BTC,XRPBTC,BUY,ASK,BTC,XRP,XRPUSDT,SELL,BID,XRP,USDT
USDT,XRP,BTC,USDT,XRPUSDT,BUY,ASK,USDT,XRP,XRPBTC,SELL,BID,XRP,BTC,BTCUSDT,SELL,BID,BTC,USDT
USDT,ETH,XRP,USDT,ETHUSDT,BUY,ASK,USDT,ETH,XRPETH,BUY,ASK,ETH,XRP,XRPUSDT,SELL,BID,XRP,USDT
USDT,XRP,ETH,USDT,XRPUSDT,BUY,ASK,USDT,XRP,XRPETH,SELL,BID,XRP,ETH,ETHUSDT,SELL,BID,ETH,USDT
USDT,EUR,XRP,USDT,EURUSDT,BUY,ASK,USDT,EUR,XRPEUR,BUY,ASK,EUR,XRP,XRPUSDT,SELL,BID,XRP,USDT
USDT,XRP,EUR,USDT,XRPUSDT,BUY,ASK,USDT,XRP,XRPEUR,SELL,BID,XRP,EUR,EURUSDT,SELL,BID,EUR,USDT
USDT,USD1,XRP,USDT,USD1USDT,BUY,ASK,USDT,USD1,XRPUSD1,BUY,ASK,USD1,XRP,XRPUSDT,SELL,BID,XRP,USDT
USDT,XRP,USD1,USDT,XRPUSDT,BUY,ASK,USDT,XRP,XRPUSD1,SELL,BID,XRP,USD1,USD1USDT,SELL,BID,USD1,USDT
USDT,USDE,XRP,USDT,USDEUSDT,BUY,ASK,USDT,USDE,XRPUSDE,BUY,ASK,USDE,XRP,XRPUSDT,SELL,BID,XRP,USDT
USDT,XRP,USDE,USDT,XRPUSDT,BUY,ASK,USDT,XRP,XRPUSDE,SELL,BID,XRP,USDE,USDEUSDT,SELL,BID,USDE,USDT
USDT,USDC,XVG,USDT,USDCUSDT,BUY,ASK,USDT,USDC,XVGUSDC,BUY,ASK,USDC,XVG,XVGUSDT,SELL,BID,XVG,USDT
USDT,XVG,USDC,USDT,XVGUSDT,BUY,ASK,USDT,XVG,XVGUSDC,SELL,BID,XVG,USDC,USDCUSDT,SELL,BID,USDC,USDT
USDT,USDC,YB,USDT,USDCUSDT,BUY,ASK,USDT,USDC,YBUSDC,BUY,ASK,USDC,YB,YBUSDT,SELL,BID,YB,USDT
USDT,YB,USDC,USDT,YBUSDT,BUY,ASK,USDT,YB,YBUSDC,SELL,BID,YB,USDC,USDCUSDT,SELL,BID,USDC,USDT
USDT,USDC,ZBCN,USDT,USDCUSDT,BUY,ASK,USDT,USDC,ZBCNUSDC,BUY,ASK,USDC,ZBCN,ZBCNUSDT,SELL,BID,ZBCN,USDT
USDT,ZBCN,USDC,USDT,ZBCNUSDT,BUY,ASK,USDT,ZBCN,ZBCNUSDC,SELL,BID,ZBCN,USDC,USDCUSDT,SELL,BID,USDC,USDT
USDT,USDC,ZBT,USDT,USDCUSDT,BUY,ASK,USDT,USDC,ZBTUSDC,BUY,ASK,USDC,ZBT,ZBTUSDT,SELL,BID,ZBT,USDT
USDT,ZBT,USDC,USDT,ZBTUSDT,BUY,ASK,USDT,ZBT,ZBTUSDC,SELL,BID,ZBT,USDC,USDCUSDT,SELL,BID,USDC,USDT
USDT,USDC,ZEC,USDT,USDCUSDT,BUY,ASK,USDT,USDC,ZECUSDC,BUY,ASK,USDC,ZEC,ZECUSDT,SELL,BID,ZEC,USDT
USDT,ZEC,USDC,USDT,ZECUSDT,BUY,ASK,USDT,ZEC,ZECUSDC,SELL,BID,ZEC,USDC,USDCUSDT,SELL,BID,USDC,USDT
USDT,USDC,ZEN,USDT,USDCUSDT,BUY,ASK,USDT,USDC,ZENUSDC,BUY,ASK,USDC,ZEN,ZENUSDT,SELL,BID,ZEN,USDT
USDT,ZEN,USDC,USDT,ZENUSDT,BUY,ASK,USDT,ZEN,ZENUSDC,SELL,BID,ZEN,USDC,USDCUSDT,SELL,BID,USDC,USDT
USDT,USDC,ZK,USDT,USDCUSDT,BUY,ASK,USDT,USDC,ZKUSDC,BUY,ASK,USDC,ZK,ZKUSDT,SELL,BID,ZK,USDT
USDT,ZK,USDC,USDT,ZKUSDT,BUY,ASK,USDT,ZK,ZKUSDC,SELL,BID,ZK,USDC,USDCUSDT,SELL,BID,USDC,USDT
USDT,USDC,ZKC,USDT,USDCUSDT,BUY,ASK,USDT,USDC,ZKCUSDC,BUY,ASK,USDC,ZKC,ZKCUSDT,SELL,BID,ZKC,USDT
USDT,ZKC,USDC,USDT,ZKCUSDT,BUY,ASK,USDT,ZKC,ZKCUSDC,SELL,BID,ZKC,USDC,USDCUSDT,SELL,BID,USDC,USDT
USDT,USDC,ZORA,USDT,USDCUSDT,BUY,ASK,USDT,USDC,ZORAUSDC,BUY,ASK,USDC,ZORA,ZORAUSDT,SELL,BID,ZORA,USDT
USDT,ZORA,USDC,USDT,ZORAUSDT,BUY,ASK,USDT,ZORA,ZORAUSDC,SELL,BID,ZORA,USDC,USDCUSDT,SELL,BID,USDC,USDT
USDT,USDC,ZRO,USDT,USDCUSDT,BUY,ASK,USDT,USDC,ZROUSDC,BUY,ASK,USDC,ZRO,ZROUSDT,SELL,BID,ZRO,USDT
USDT,ZRO,USDC,USDT,ZROUSDT,BUY,ASK,USDT,ZRO,ZROUSDC,SELL,BID,ZRO,USDC,USDCUSDT,SELL,BID,USDC,USDT
